HourUTC;HourDK;PriceArea;aFRR_DownPurchased;aFRR_UpPurchased;aFRR_DownCapPriceDKK;aFRR_DownCapPriceEUR;aFRR_UpCapPriceDKK;aFRR_UpCapPriceEUR
2024-11-06 22:00;2024-11-06 23:00;DK2;60,000000;29,000000;157,864690;21,170000;1099,832930;147,490000
2024-11-06 21:00;2024-11-06 22:00;DK2;60,000000;29,000000;73,451450;9,850000;1099,832930;147,490000
2024-11-06 20:00;2024-11-06 21:00;DK2;60,000000;29,000000;73,451450;9,850000;1099,832930;147,490000
2024-11-06 19:00;2024-11-06 20:00;DK2;48,000000;29,000000;58,462880;7,840000;1099,832930;147,490000
2024-11-06 18:00;2024-11-06 19:00;DK2;38,000000;39,000000;51,975290;6,970000;2252,386850;302,050000
2024-11-06 17:00;2024-11-06 18:00;DK2;38,000000;39,000000;51,975290;6,970000;2939,922250;394,250000
2024-11-06 16:00;2024-11-06 17:00;DK2;38,000000;39,000000;51,975290;6,970000;2645,967310;354,830000
2024-11-06 15:00;2024-11-06 16:00;DK2;38,000000;39,000000;51,975290;6,970000;2319,723560;311,080000
2024-11-06 14:00;2024-11-06 15:00;DK2;48,000000;29,000000;58,462880;7,840000;1099,832930;147,490000
2024-11-06 13:00;2024-11-06 14:00;DK2;48,000000;29,000000;58,462880;7,840000;1099,832930;147,490000
2024-11-06 12:00;2024-11-06 13:00;DK2;48,000000;29,000000;58,462880;7,840000;1099,832930;147,490000
2024-11-06 11:00;2024-11-06 12:00;DK2;50,000000;27,000000;61,445680;8,240000;565,538880;75,840000
2024-11-06 10:00;2024-11-06 11:00;DK2;50,000000;27,000000;61,445680;8,240000;505,435460;67,780000
2024-11-06 09:00;2024-11-06 10:00;DK2;48,000000;29,000000;58,462880;7,840000;1099,832930;147,490000
2024-11-06 08:00;2024-11-06 09:00;DK2;46,000000;29,000000;85,755500;11,500000;1099,832930;147,490000
2024-11-06 07:00;2024-11-06 08:00;DK2;55,000000;29,000000;141,683000;19,000000;1099,832930;147,490000
2024-11-06 06:00;2024-11-06 07:00;DK2;72,000000;29,000000;149,960270;20,110000;1099,832930;147,490000
2024-11-06 05:00;2024-11-06 06:00;DK2;66,000000;27,000000;97,984980;13,140000;644,657650;86,450000
2024-11-06 04:00;2024-11-06 05:00;DK2;70,000000;29,000000;134,226000;18,000000;1099,832930;147,490000
2024-11-06 03:00;2024-11-06 04:00;DK2;26,000000;26,000000;29,977140;4,020000;688,877660;92,380000
2024-11-06 02:00;2024-11-06 03:00;DK2;26,000000;26,000000;29,977140;4,020000;751,367320;100,760000
2024-11-06 01:00;2024-11-06 02:00;DK2;26,000000;26,000000;29,977140;4,020000;836,973680;112,240000
2024-11-06 00:00;2024-11-06 01:00;DK2;26,000000;26,000000;29,977140;4,020000;976,568720;130,960000
2024-11-05 23:00;2024-11-06 00:00;DK2;61,000000;12,000000;73,451450;9,850000;998,865150;133,950000
2024-11-05 22:00;2024-11-05 23:00;DK2;44,000000;28,000000;713,638848;95,680000;864,302568;115,880000
2024-11-05 21:00;2024-11-05 22:00;DK2;44,000000;30,000000;576,027678;77,230000;1099,994328;147,480000
2024-11-05 20:00;2024-11-05 21:00;DK2;44,000000;30,000000;500,546646;67,110000;1099,994328;147,480000
2024-11-05 19:00;2024-11-05 20:00;DK2;30,000000;30,000000;85,773900;11,500000;1099,994328;147,480000
2024-11-05 18:00;2024-11-05 19:00;DK2;30,000000;30,000000;82,044600;11,000000;1099,994328;147,480000
2024-11-05 17:00;2024-11-05 18:00;DK2;30,000000;37,000000;82,044600;11,000000;1931,628228;258,980000
2024-11-05 16:00;2024-11-05 17:00;DK2;35,000000;37,000000;98,006004;13,140000;2055,142644;275,540000
2024-11-05 15:00;2024-11-05 16:00;DK2;35,000000;30,000000;98,006004;13,140000;1099,994328;147,480000
2024-11-05 14:00;2024-11-05 15:00;DK2;35,000000;28,000000;98,006004;13,140000;551,861814;73,990000
2024-11-05 13:00;2024-11-05 14:00;DK2;30,000000;28,000000;74,586000;10,000000;567,077358;76,030000
2024-11-05 12:00;2024-11-05 13:00;DK2;35,000000;28,000000;98,006004;13,140000;619,063800;83,000000
2024-11-05 11:00;2024-11-05 12:00;DK2;30,000000;30,000000;89,503200;12,000000;1099,994328;147,480000
2024-11-05 10:00;2024-11-05 11:00;DK2;30,000000;28,000000;74,586000;10,000000;505,543908;67,780000
2024-11-05 09:00;2024-11-05 10:00;DK2;30,000000;28,000000;74,586000;10,000000;532,096524;71,340000
2024-11-05 08:00;2024-11-05 09:00;DK2;30,000000;30,000000;74,586000;10,000000;1099,994328;147,480000
2024-11-05 07:00;2024-11-05 08:00;DK2;44,000000;30,000000;442,966254;59,390000;1099,994328;147,480000
2024-11-05 06:00;2024-11-05 07:00;DK2;44,000000;30,000000;431,703768;57,880000;1099,994328;147,480000
2024-11-05 05:00;2024-11-05 06:00;DK2;44,000000;37,000000;457,286766;61,310000;1368,802272;183,520000
2024-11-05 04:00;2024-11-05 05:00;DK2;44,000000;30,000000;543,135252;72,820000;1099,994328;147,480000
2024-11-05 03:00;2024-11-05 04:00;DK2;26,000000;26,000000;29,983572;4,020000;688,950882;92,370000
2024-11-05 02:00;2024-11-05 03:00;DK2;26,000000;26,000000;29,983572;4,020000;751,453950;100,750000
2024-11-05 01:00;2024-11-05 02:00;DK2;26,000000;26,000000;29,983572;4,020000;837,078678;112,230000
2024-11-05 00:00;2024-11-05 01:00;DK2;30,000000;22,000000;108,448044;14,540000;957,162138;128,330000
2024-11-04 23:00;2024-11-05 00:00;DK2;35,000000;28,000000;136,939896;18,360000;1051,588014;140,990000
2024-11-04 22:00;2024-11-04 23:00;DK2;44,000000;28,000000;706,029926;94,670000;864,209864;115,880000
2024-11-04 21:00;2024-11-04 22:00;DK2;44,000000;28,000000;569,850498;76,410000;712,741946;95,570000
2024-11-04 20:00;2024-11-04 21:00;DK2;44,000000;28,000000;495,272498;66,410000;607,586966;81,470000
2024-11-04 19:00;2024-11-04 20:00;DK2;39,000000;28,000000;111,867000;15,000000;548,222878;73,510000
2024-11-04 18:00;2024-11-04 19:00;DK2;39,000000;28,000000;111,867000;15,000000;680,897140;91,300000
2024-11-04 17:00;2024-11-04 18:00;DK2;39,000000;30,000000;111,867000;15,000000;1099,727188;147,460000
2024-11-04 16:00;2024-11-04 17:00;DK2;39,000000;30,000000;119,324800;16,000000;1099,727188;147,460000
2024-11-04 15:00;2024-11-04 16:00;DK2;39,000000;28,000000;111,867000;15,000000;601,173258;80,610000
2024-11-04 14:00;2024-11-04 15:00;DK2;39,000000;28,000000;108,436412;14,540000;551,802622;73,990000
2024-11-04 13:00;2024-11-04 14:00;DK2;39,000000;25,000000;111,867000;15,000000;561,348606;75,270000
2024-11-04 12:00;2024-11-04 13:00;DK2;39,000000;7,000000;104,110888;13,960000;575,667582;77,190000
2024-11-04 11:00;2024-11-04 12:00;DK2;39,000000;22,000000;104,409200;14,000000;554,263696;74,320000
2024-11-04 10:00;2024-11-04 11:00;DK2;30,000000;28,000000;11659,226208;1563,360000;505,489684;67,780000
2024-11-04 09:00;2024-11-04 10:00;DK2;30,000000;28,000000;11659,226208;1563,360000;532,039452;71,340000
2024-11-04 08:00;2024-11-04 09:00;DK2;30,000000;28,000000;11659,226208;1563,360000;584,915254;78,430000
2024-11-04 07:00;2024-11-04 08:00;DK2;39,000000;28,000000;126,782600;17,000000;535,097150;71,750000
2024-11-04 06:00;2024-11-04 07:00;DK2;39,000000;28,000000;100,009098;13,410000;562,691010;75,450000
2024-11-04 05:00;2024-11-04 06:00;DK2;39,000000;3,000000;100,680300;13,500000;201,360600;27,000000
2024-11-04 04:00;2024-11-04 05:00;DK2;39,000000;3,000000;149,156000;20,000000;186,221266;24,970000
2024-11-04 03:00;2024-11-04 04:00;DK2;30,000000;3,000000;104,409200;14,000000;92,849610;12,450000
2024-11-04 02:00;2024-11-04 03:00;DK2;30,000000;3,000000;79,947616;10,720000;86,212168;11,560000
2024-11-04 01:00;2024-11-04 02:00;DK2;30,000000;3,000000;79,947616;10,720000;86,212168;11,560000
2024-11-04 00:00;2024-11-04 01:00;DK2;34,000000;3,000000;100,009098;13,410000;79,947616;10,720000
2024-11-03 23:00;2024-11-04 00:00;DK2;39,000000;10,000000;164,071600;22,000000;1068,628162;143,290000
2024-11-03 22:00;2024-11-03 23:00;DK2;39,000000;6,000000;108,413148;14,540000;399,876006;53,630000
2024-11-03 21:00;2024-11-03 22:00;DK2;39,000000;6,000000;108,413148;14,540000;399,876006;53,630000
2024-11-03 20:00;2024-11-03 21:00;DK2;39,000000;8,000000;108,413148;14,540000;1099,491252;147,460000
2024-11-03 19:00;2024-11-03 20:00;DK2;44,000000;8,000000;108,413148;14,540000;1099,491252;147,460000
2024-11-03 18:00;2024-11-03 19:00;DK2;39,000000;8,000000;108,413148;14,540000;1099,491252;147,460000
2024-11-03 17:00;2024-11-03 18:00;DK2;39,000000;8,000000;108,413148;14,540000;1099,491252;147,460000
2024-11-03 16:00;2024-11-03 17:00;DK2;39,000000;8,000000;89,474400;12,000000;1099,491252;147,460000
2024-11-03 15:00;2024-11-03 16:00;DK2;44,000000;8,000000;108,413148;14,540000;1099,491252;147,460000
2024-11-03 14:00;2024-11-03 15:00;DK2;44,000000;13,000000;119,299200;16,000000;1130,509044;151,620000
2024-11-03 13:00;2024-11-03 14:00;DK2;48,000000;2,000000;108,413148;14,540000;129,737880;17,400000
2024-11-03 12:00;2024-11-03 13:00;DK2;48,000000;7,000000;108,413148;14,540000;974,152530;130,650000
2024-11-03 11:00;2024-11-03 12:00;DK2;48,000000;2,000000;119,299200;16,000000;141,667800;19,000000
2024-11-03 10:00;2024-11-03 11:00;DK2;48,000000;2,000000;99,987642;13,410000;145,545024;19,520000
2024-11-03 09:00;2024-11-03 10:00;DK2;39,000000;2,000000;89,474400;12,000000;127,948392;17,160000
2024-11-03 08:00;2024-11-03 09:00;DK2;39,000000;9,000000;89,474400;12,000000;1099,491252;147,460000
2024-11-03 07:00;2024-11-03 08:00;DK2;43,000000;2,000000;97,974468;13,140000;111,843000;15,000000
2024-11-03 06:00;2024-11-03 07:00;DK2;39,000000;2,000000;108,413148;14,540000;111,843000;15,000000
2024-11-03 05:00;2024-11-03 06:00;DK2;39,000000;2,000000;108,413148;14,540000;93,948120;12,600000
2024-11-03 04:00;2024-11-03 05:00;DK2;39,000000;2,000000;89,474400;12,000000;93,948120;12,600000
2024-11-03 03:00;2024-11-03 04:00;DK2;38,000000;14,000000;49,956540;6,700000;659,426328;88,440000
2024-11-03 02:00;2024-11-03 03:00;DK2;38,000000;14,000000;49,956540;6,700000;654,728922;87,810000
2024-11-03 01:00;2024-11-03 02:00;DK2;38,000000;14,000000;49,956540;6,700000;657,338592;88,160000
2024-11-03 00:00;2024-11-03 01:00;DK2;38,000000;14,000000;49,956540;6,700000;659,351766;88,430000
2024-11-02 23:00;2024-11-03 00:00;DK2;39,000000;14,000000;108,413148;14,540000;664,123734;89,070000
2024-11-02 22:00;2024-11-02 23:00;DK2;39,000000;2,000000;100,658700;13,500000;116,391282;15,610000
2024-11-02 21:00;2024-11-02 22:00;DK2;39,000000;2,000000;100,658700;13,500000;119,299200;16,000000
2024-11-02 20:00;2024-11-02 21:00;DK2;39,000000;2,000000;100,658700;13,500000;141,667800;19,000000
2024-11-02 19:00;2024-11-02 20:00;DK2;48,000000;2,000000;119,299200;16,000000;141,667800;19,000000
2024-11-02 18:00;2024-11-02 19:00;DK2;48,000000;2,000000;119,299200;16,000000;141,667800;19,000000
2024-11-02 17:00;2024-11-02 18:00;DK2;48,000000;2,000000;119,299200;16,000000;141,667800;19,000000
2024-11-02 16:00;2024-11-02 17:00;DK2;39,000000;2,000000;100,658700;13,500000;141,667800;19,000000
2024-11-02 15:00;2024-11-02 16:00;DK2;48,000000;2,000000;141,667800;19,000000;134,211600;18,000000
2024-11-02 14:00;2024-11-02 15:00;DK2;39,000000;2,000000;74,562000;10,000000;141,667800;19,000000
2024-11-02 13:00;2024-11-02 14:00;DK2;39,000000;2,000000;82,465572;11,060000;157,847754;21,170000
2024-11-02 12:00;2024-11-02 13:00;DK2;44,000000;2,000000;97,974468;13,140000;149,124000;20,000000
2024-11-02 11:00;2024-11-02 12:00;DK2;44,000000;2,000000;97,974468;13,140000;134,211600;18,000000
2024-11-02 10:00;2024-11-02 11:00;DK2;48,000000;2,000000;104,386800;14,000000;149,124000;20,000000
2024-11-02 09:00;2024-11-02 10:00;DK2;44,000000;2,000000;104,386800;14,000000;134,957220;18,100000
2024-11-02 08:00;2024-11-02 09:00;DK2;44,000000;2,000000;104,386800;14,000000;141,667800;19,000000
2024-11-02 07:00;2024-11-02 08:00;DK2;44,000000;2,000000;104,386800;14,000000;149,124000;20,000000
2024-11-02 06:00;2024-11-02 07:00;DK2;44,000000;2,000000;104,386800;14,000000;149,124000;20,000000
2024-11-02 05:00;2024-11-02 06:00;DK2;44,000000;2,000000;104,386800;14,000000;141,667800;19,000000
2024-11-02 04:00;2024-11-02 05:00;DK2;44,000000;2,000000;104,386800;14,000000;164,036400;22,000000
2024-11-02 03:00;2024-11-02 04:00;DK2;39,000000;2,000000;74,562000;10,000000;111,843000;15,000000
2024-11-02 02:00;2024-11-02 03:00;DK2;39,000000;2,000000;74,562000;10,000000;111,843000;15,000000
2024-11-02 01:00;2024-11-02 02:00;DK2;39,000000;2,000000;74,562000;10,000000;100,658700;13,500000
2024-11-02 00:00;2024-11-02 01:00;DK2;39,000000;2,000000;74,562000;10,000000;100,658700;13,500000
2024-11-01 23:00;2024-11-02 00:00;DK2;48,000000;2,000000;108,413148;14,540000;149,124000;20,000000
2024-11-01 22:00;2024-11-01 23:00;DK2;38,000000;3,000000;165,378516;22,180000;134,211600;18,000000
2024-11-01 21:00;2024-11-01 22:00;DK2;38,000000;3,000000;165,378516;22,180000;149,124000;20,000000
2024-11-01 20:00;2024-11-01 21:00;DK2;38,000000;3,000000;164,036400;22,000000;150,615240;20,200000
2024-11-01 19:00;2024-11-01 20:00;DK2;29,000000;3,000000;89,474400;12,000000;149,869620;20,100000
2024-11-01 18:00;2024-11-01 19:00;DK2;29,000000;3,000000;82,018200;11,000000;157,847754;21,170000
2024-11-01 17:00;2024-11-01 18:00;DK2;29,000000;3,000000;82,018200;11,000000;155,461770;20,850000
2024-11-01 16:00;2024-11-01 17:00;DK2;34,000000;3,000000;97,974468;13,140000;164,036400;22,000000
2024-11-01 15:00;2024-11-01 16:00;DK2;38,000000;3,000000;104,386800;14,000000;164,036400;22,000000
2024-11-01 14:00;2024-11-01 15:00;DK2;34,000000;3,000000;111,843000;15,000000;134,211600;18,000000
2024-11-01 13:00;2024-11-01 14:00;DK2;38,000000;8,000000;104,386800;14,000000;430,595550;57,750000
2024-11-01 12:00;2024-11-01 13:00;DK2;38,000000;8,000000;104,386800;14,000000;430,297302;57,710000
2024-11-01 11:00;2024-11-01 12:00;DK2;38,000000;3,000000;104,386800;14,000000;164,036400;22,000000
2024-11-01 10:00;2024-11-01 11:00;DK2;38,000000;3,000000;104,386800;14,000000;167,615376;22,480000
2024-11-01 09:00;2024-11-01 10:00;DK2;29,000000;3,000000;89,474400;12,000000;152,852100;20,500000
2024-11-01 08:00;2024-11-01 09:00;DK2;29,000000;10,000000;78,290100;10,500000;526,034910;70,550000
2024-11-01 07:00;2024-11-01 08:00;DK2;38,000000;15,000000;141,667800;19,000000;724,891764;97,220000
2024-11-01 06:00;2024-11-01 07:00;DK2;38,000000;15,000000;134,211600;18,000000;721,685598;96,790000
2024-11-01 05:00;2024-11-01 06:00;DK2;38,000000;15,000000;141,667800;19,000000;684,106350;91,750000
2024-11-01 04:00;2024-11-01 05:00;DK2;38,000000;15,000000;165,378516;22,180000;678,588762;91,010000
2024-11-01 03:00;2024-11-01 04:00;DK2;34,000000;15,000000;97,974468;13,140000;676,501026;90,730000
2024-11-01 02:00;2024-11-01 03:00;DK2;34,000000;15,000000;97,974468;13,140000;674,115042;90,410000
2024-11-01 01:00;2024-11-01 02:00;DK2;34,000000;15,000000;97,974468;13,140000;675,904530;90,650000
2024-11-01 00:00;2024-11-01 01:00;DK2;34,000000;15,000000;97,974468;13,140000;677,022960;90,800000
2024-10-31 23:00;2024-11-01 00:00;DK2;38,000000;15,000000;141,667800;19,000000;678,141390;90,950000
2024-10-31 22:00;2024-10-31 23:00;DK2;38,000000;17,000000;165,465018;22,180000;682,449948;91,480000
2024-10-31 21:00;2024-10-31 22:00;DK2;38,000000;17,000000;165,465018;22,180000;689,164038;92,380000
2024-10-31 20:00;2024-10-31 21:00;DK2;38,000000;17,000000;141,741900;19,000000;697,817754;93,540000
2024-10-31 19:00;2024-10-31 20:00;DK2;38,000000;15,000000;111,901500;15,000000;701,398602;94,020000
2024-10-31 18:00;2024-10-31 19:00;DK2;38,000000;15,000000;108,469854;14,540000;711,544338;95,380000
2024-10-31 17:00;2024-10-31 18:00;DK2;38,000000;15,000000;108,469854;14,540000;732,134214;98,140000
2024-10-31 16:00;2024-10-31 17:00;DK2;29,000000;15,000000;85,791150;11,500000;857,911500;115,000000
2024-10-31 15:00;2024-10-31 16:00;DK2;38,000000;15,000000;115,482348;15,480000;711,544338;95,380000
2024-10-31 14:00;2024-10-31 15:00;DK2;34,000000;15,000000;98,025714;13,140000;708,709500;95,000000
2024-10-31 13:00;2024-10-31 14:00;DK2;33,000000;15,000000;99,965340;13,400000;703,636632;94,320000
2024-10-31 12:00;2024-10-31 13:00;DK2;33,000000;10,000000;99,965340;13,400000;458,273943;61,430000
2024-10-31 11:00;2024-10-31 12:00;DK2;34,000000;10,000000;101,308158;13,580000;532,725741;71,410000
2024-10-31 10:00;2024-10-31 11:00;DK2;29,000000;10,000000;89,521200;12,000000;560,402712;75,120000
2024-10-31 09:00;2024-10-31 10:00;DK2;29,000000;10,000000;89,521200;12,000000;596,434995;79,950000
2024-10-31 08:00;2024-10-31 09:00;DK2;29,000000;15,000000;82,061100;11,000000;920,352537;123,370000
2024-10-31 07:00;2024-10-31 08:00;DK2;29,000000;15,000000;89,521200;12,000000;965,709945;129,450000
2024-10-31 06:00;2024-10-31 07:00;DK2;38,000000;10,000000;107,798445;14,450000;958,100643;128,430000
2024-10-31 05:00;2024-10-31 06:00;DK2;38,000000;8,000000;99,965340;13,400000;707,068278;94,780000
2024-10-31 04:00;2024-10-31 05:00;DK2;38,000000;8,000000;136,967436;18,360000;719,750448;96,480000
2024-10-31 03:00;2024-10-31 04:00;DK2;34,000000;3,000000;108,469854;14,540000;85,045140;11,400000
2024-10-31 02:00;2024-10-31 03:00;DK2;29,000000;3,000000;108,469854;14,540000;83,254716;11,160000
2024-10-31 01:00;2024-10-31 02:00;DK2;33,000000;5,000000;99,965340;13,400000;920,352537;123,370000
2024-10-31 00:00;2024-10-31 01:00;DK2;38,000000;5,000000;99,965340;13,400000;920,352537;123,370000
2024-10-30 23:00;2024-10-31 00:00;DK2;38,000000;5,000000;136,967436;18,360000;920,352537;123,370000
2024-10-30 22:00;2024-10-30 23:00;DK2;41,000000;3,000000;145,481700;19,500000;96,987800;13,000000
2024-10-30 21:00;2024-10-30 22:00;DK2;51,000000;3,000000;123,099900;16,500000;96,987800;13,000000
2024-10-30 20:00;2024-10-30 21:00;DK2;51,000000;13,000000;119,369600;16,000000;1034,710614;138,690000
2024-10-30 19:00;2024-10-30 20:00;DK2;42,000000;13,000000;89,527200;12,000000;1004,868214;134,690000
2024-10-30 18:00;2024-10-30 19:00;DK2;42,000000;13,000000;82,066600;11,000000;1002,928458;134,430000
2024-10-30 17:00;2024-10-30 18:00;DK2;42,000000;13,000000;83,260296;11,160000;1001,734762;134,270000
2024-10-30 16:00;2024-10-30 17:00;DK2;42,000000;13,000000;74,606000;10,000000;1000,914096;134,160000
2024-10-30 15:00;2024-10-30 16:00;DK2;42,000000;13,000000;89,527200;12,000000;1349,174904;180,840000
2024-10-30 14:00;2024-10-30 15:00;DK2;51,000000;13,000000;111,909000;15,000000;965,625458;129,430000
2024-10-30 13:00;2024-10-30 14:00;DK2;51,000000;13,000000;111,909000;15,000000;834,468110;111,850000
2024-10-30 12:00;2024-10-30 13:00;DK2;42,000000;13,000000;74,606000;10,000000;665,410914;89,190000
2024-10-30 11:00;2024-10-30 12:00;DK2;42,000000;8,000000;74,606000;10,000000;729,124438;97,730000
2024-10-30 10:00;2024-10-30 11:00;DK2;32,000000;8,000000;89,527200;12,000000;729,124438;97,730000
2024-10-30 09:00;2024-10-30 10:00;DK2;42,000000;13,000000;111,909000;15,000000;980,397446;131,410000
2024-10-30 08:00;2024-10-30 09:00;DK2;42,000000;13,000000;93,257500;12,500000;1000,615672;134,120000
2024-10-30 07:00;2024-10-30 08:00;DK2;51,000000;13,000000;141,751400;19,000000;1001,958580;134,300000
2024-10-30 06:00;2024-10-30 07:00;DK2;51,000000;13,000000;111,909000;15,000000;1198,619996;160,660000
2024-10-30 05:00;2024-10-30 06:00;DK2;49,000000;15,000000;134,290800;18,000000;801,343046;107,410000
2024-10-30 04:00;2024-10-30 05:00;DK2;39,000000;15,000000;134,290800;18,000000;642,730690;86,150000
2024-10-30 03:00;2024-10-30 04:00;DK2;35,000000;15,000000;98,032284;13,140000;642,730690;86,150000
2024-10-30 02:00;2024-10-30 03:00;DK2;30,000000;15,000000;39,988816;5,360000;743,001154;99,590000
2024-10-30 01:00;2024-10-30 02:00;DK2;30,000000;15,000000;39,988816;5,360000;754,714296;101,160000
2024-10-30 00:00;2024-10-30 01:00;DK2;37,000000;3,000000;98,032284;13,140000;83,260296;11,160000
2024-10-29 23:00;2024-10-30 00:00;DK2;51,000000;8,000000;136,976616;18,360000;856,476880;114,800000
2024-10-29 22:00;2024-10-29 23:00;DK2;44,000000;14,000000;196,763144;26,380000;645,708316;86,570000
2024-10-29 21:00;2024-10-29 22:00;DK2;44,000000;4,000000;149,996468;20,110000;143,059784;19,180000
2024-10-29 20:00;2024-10-29 21:00;DK2;44,000000;4,000000;165,436184;22,180000;193,928800;26,000000
2024-10-29 19:00;2024-10-29 20:00;DK2;38,000000;4,000000;111,882000;15,000000;193,779624;25,980000
2024-10-29 18:00;2024-10-29 19:00;DK2;38,000000;4,000000;111,882000;15,000000;193,928800;26,000000
2024-10-29 17:00;2024-10-29 18:00;DK2;38,000000;4,000000;111,882000;15,000000;198,404080;26,600000
2024-10-29 16:00;2024-10-29 17:00;DK2;38,000000;4,000000;111,882000;15,000000;228,313868;30,610000
2024-10-29 15:00;2024-10-29 16:00;DK2;38,000000;4,000000;111,882000;15,000000;224,733644;30,130000
2024-10-29 14:00;2024-10-29 15:00;DK2;38,000000;4,000000;111,882000;15,000000;231,371976;31,020000
2024-10-29 13:00;2024-10-29 14:00;DK2;44,000000;4,000000;149,996468;20,110000;201,387600;27,000000
2024-10-29 12:00;2024-10-29 13:00;DK2;44,000000;4,000000;149,996468;20,110000;198,404080;26,600000
2024-10-29 11:00;2024-10-29 12:00;DK2;38,000000;4,000000;111,882000;15,000000;193,182920;25,900000
2024-10-29 10:00;2024-10-29 11:00;DK2;42,000000;4,000000;149,996468;20,110000;193,182920;25,900000
2024-10-29 09:00;2024-10-29 10:00;DK2;38,000000;4,000000;134,258400;18,000000;217,722372;29,190000
2024-10-29 08:00;2024-10-29 09:00;DK2;38,000000;4,000000;134,258400;18,000000;193,182920;25,900000
2024-10-29 07:00;2024-10-29 08:00;DK2;44,000000;4,000000;219,288720;29,400000;238,159484;31,930000
2024-10-29 06:00;2024-10-29 07:00;DK2;44,000000;4,000000;149,996468;20,110000;223,764000;30,000000
2024-10-29 05:00;2024-10-29 06:00;DK2;44,000000;4,000000;149,996468;20,110000;203,625240;27,300000
2024-10-29 04:00;2024-10-29 05:00;DK2;44,000000;4,000000;221,824712;29,740000;202,208068;27,110000
2024-10-29 03:00;2024-10-29 04:00;DK2;34,000000;4,000000;108,450952;14,540000;83,240208;11,160000
2024-10-29 02:00;2024-10-29 03:00;DK2;38,000000;4,000000;111,882000;15,000000;81,748448;10,960000
2024-10-29 01:00;2024-10-29 02:00;DK2;38,000000;4,000000;111,882000;15,000000;74,588000;10,000000
2024-10-29 00:00;2024-10-29 01:00;DK2;34,000000;4,000000;108,450952;14,540000;74,588000;10,000000
2024-10-28 23:00;2024-10-29 00:00;DK2;38,000000;4,000000;145,894128;19,560000;119,340800;16,000000
2024-10-28 22:00;2024-10-28 23:00;DK2;44,000000;14,000000;238,672000;32,000000;935,072145;125,370000
2024-10-28 21:00;2024-10-28 22:00;DK2;44,000000;4,000000;240,387455;32,230000;165,429530;22,180000
2024-10-28 20:00;2024-10-28 21:00;DK2;44,000000;4,000000;201,379500;27,000000;179,526095;24,070000
2024-10-28 19:00;2024-10-28 20:00;DK2;38,000000;4,000000;141,711500;19,000000;187,730445;25,170000
2024-10-28 18:00;2024-10-28 19:00;DK2;38,000000;4,000000;141,711500;19,000000;193,771830;25,980000
2024-10-28 17:00;2024-10-28 18:00;DK2;38,000000;4,000000;134,253000;18,000000;193,921000;26,000000
2024-10-28 16:00;2024-10-28 17:00;DK2;38,000000;4,000000;134,253000;18,000000;192,727640;25,840000
2024-10-28 15:00;2024-10-28 16:00;DK2;38,000000;4,000000;111,877500;15,000000;185,865820;24,920000
2024-10-28 14:00;2024-10-28 15:00;DK2;38,000000;4,000000;111,877500;15,000000;185,418310;24,860000
2024-10-28 13:00;2024-10-28 14:00;DK2;38,000000;4,000000;141,711500;19,000000;189,371315;25,390000
2024-10-28 12:00;2024-10-28 13:00;DK2;38,000000;4,000000;141,711500;19,000000;182,136570;24,420000
2024-10-28 11:00;2024-10-28 12:00;DK2;38,000000;4,000000;141,711500;19,000000;183,255345;24,570000
2024-10-28 10:00;2024-10-28 11:00;DK2;38,000000;4,000000;141,711500;19,000000;175,871430;23,580000
2024-10-28 09:00;2024-10-28 10:00;DK2;38,000000;4,000000;134,253000;18,000000;175,871430;23,580000
2024-10-28 08:00;2024-10-28 09:00;DK2;38,000000;4,000000;138,877270;18,620000;175,871430;23,580000
2024-10-28 07:00;2024-10-28 08:00;DK2;44,000000;4,000000;199,962385;26,810000;237,478640;31,840000
2024-10-28 06:00;2024-10-28 07:00;DK2;44,000000;4,000000;199,962385;26,810000;212,045155;28,430000
2024-10-28 05:00;2024-10-28 06:00;DK2;44,000000;9,000000;199,962385;26,810000;1043,742490;139,940000
2024-10-28 04:00;2024-10-28 05:00;DK2;44,000000;9,000000;216,296500;29,000000;860,636315;115,390000
2024-10-28 03:00;2024-10-28 04:00;DK2;34,000000;9,000000;101,286430;13,580000;820,360415;109,990000
2024-10-28 02:00;2024-10-28 03:00;DK2;29,000000;9,000000;101,286430;13,580000;838,708325;112,450000
2024-10-28 01:00;2024-10-28 02:00;DK2;29,000000;4,000000;101,286430;13,580000;81,745160;10,960000
2024-10-28 00:00;2024-10-28 01:00;DK2;34,000000;4,000000;101,286430;13,580000;83,236860;11,160000
2024-10-27 23:00;2024-10-28 00:00;DK2;42,000000;9,000000;170,352140;22,840000;1009,806315;135,390000
2024-10-27 22:00;2024-10-27 23:00;DK2;45,000000;14,000000;150,038699;20,110000;642,532708;86,120000
2024-10-27 21:00;2024-10-27 22:00;DK2;45,000000;14,000000;150,038699;20,110000;999,014510;133,900000
2024-10-27 20:00;2024-10-27 21:00;DK2;39,000000;4,000000;149,218000;20,000000;193,834182;25,980000
2024-10-27 19:00;2024-10-27 20:00;DK2;39,000000;4,000000;149,218000;20,000000;188,760770;25,300000
2024-10-27 18:00;2024-10-27 19:00;DK2;39,000000;4,000000;149,218000;20,000000;201,444300;27,000000
2024-10-27 17:00;2024-10-27 18:00;DK2;39,000000;9,000000;149,218000;20,000000;1331,994477;178,530000
2024-10-27 16:00;2024-10-27 17:00;DK2;39,000000;9,000000;149,218000;20,000000;1187,402235;159,150000
2024-10-27 15:00;2024-10-27 16:00;DK2;39,000000;14,000000;149,218000;20,000000;997,000067;133,630000
2024-10-27 14:00;2024-10-27 15:00;DK2;39,000000;9,000000;149,218000;20,000000;746,239218;100,020000
2024-10-27 13:00;2024-10-27 14:00;DK2;39,000000;9,000000;149,218000;20,000000;746,612263;100,070000
2024-10-27 12:00;2024-10-27 13:00;DK2;39,000000;9,000000;149,218000;20,000000;747,656789;100,210000
2024-10-27 11:00;2024-10-27 12:00;DK2;39,000000;9,000000;149,218000;20,000000;748,701315;100,350000
2024-10-27 10:00;2024-10-27 11:00;DK2;39,000000;9,000000;149,218000;20,000000;790,930009;106,010000
2024-10-27 09:00;2024-10-27 10:00;DK2;39,000000;9,000000;149,218000;20,000000;861,808559;115,510000
2024-10-27 08:00;2024-10-27 09:00;DK2;39,000000;14,000000;149,218000;20,000000;648,874473;86,970000
2024-10-27 07:00;2024-10-27 08:00;DK2;39,000000;14,000000;149,218000;20,000000;648,277601;86,890000
2024-10-27 06:00;2024-10-27 07:00;DK2;39,000000;14,000000;149,218000;20,000000;647,755338;86,820000
2024-10-27 05:00;2024-10-27 06:00;DK2;39,000000;14,000000;149,218000;20,000000;649,695172;87,080000
2024-10-27 04:00;2024-10-27 05:00;DK2;39,000000;14,000000;149,218000;20,000000;648,650646;86,940000
2024-10-27 03:00;2024-10-27 04:00;DK2;30,000000;14,000000;108,481486;14,540000;645,890113;86,570000
2024-10-27 02:00;2024-10-27 03:00;DK2;30,000000;14,000000;89,530800;12,000000;647,755338;86,820000
2024-10-27 01:00;2024-10-27 02:00;DK2;30,000000;14,000000;89,530800;12,000000;651,038134;87,260000
2024-10-27 00:00;2024-10-27 02:00;DK2;38,000000;14,000000;100,050669;13,410000;104,154164;13,960000
2024-10-26 23:00;2024-10-27 01:00;DK2;30,000000;14,000000;89,530800;12,000000;664,243927;89,030000
2024-10-26 22:00;2024-10-27 00:00;DK2;39,000000;9,000000;141,757100;19,000000;976,034938;130,820000
2024-10-26 21:00;2024-10-26 23:00;DK2;34,000000;0,000000;133,997764;17,960000;193,834182;25,980000
2024-10-26 20:00;2024-10-26 22:00;DK2;34,000000;0,000000;136,982124;18,360000;175,331150;23,500000
2024-10-26 19:00;2024-10-26 21:00;DK2;34,000000;0,000000;111,913500;15,000000;152,948450;20,500000
2024-10-26 18:00;2024-10-26 20:00;DK2;34,000000;5,000000;108,481486;14,540000;1215,380610;162,900000
2024-10-26 17:00;2024-10-26 19:00;DK2;34,000000;5,000000;108,481486;14,540000;1609,241521;215,690000
2024-10-26 16:00;2024-10-26 18:00;DK2;34,000000;10,000000;149,218000;20,000000;1691,087594;226,660000
2024-10-26 15:00;2024-10-26 17:00;DK2;30,000000;5,000000;99,976060;13,400000;1267,010038;169,820000
2024-10-26 14:00;2024-10-26 16:00;DK2;30,000000;0,000000;99,976060;13,400000;111,913500;15,000000
2024-10-26 13:00;2024-10-26 15:00;DK2;30,000000;0,000000;99,976060;13,400000;74,609000;10,000000
2024-10-26 12:00;2024-10-26 14:00;DK2;30,000000;0,000000;99,976060;13,400000;78,339450;10,500000
2024-10-26 11:00;2024-10-26 13:00;DK2;30,000000;0,000000;99,976060;13,400000;78,339450;10,500000
2024-10-26 10:00;2024-10-26 12:00;DK2;30,000000;0,000000;99,976060;13,400000;78,339450;10,500000
2024-10-26 09:00;2024-10-26 11:00;DK2;30,000000;0,000000;99,976060;13,400000;78,339450;10,500000
2024-10-26 08:00;2024-10-26 10:00;DK2;30,000000;0,000000;99,976060;13,400000;82,069900;11,000000
2024-10-26 07:00;2024-10-26 09:00;DK2;30,000000;0,000000;99,976060;13,400000;81,323810;10,900000
2024-10-26 06:00;2024-10-26 08:00;DK2;30,000000;5,000000;99,976060;13,400000;1287,825949;172,610000
2024-10-26 05:00;2024-10-26 07:00;DK2;30,000000;0,000000;99,976060;13,400000;78,339450;10,500000
2024-10-26 04:00;2024-10-26 06:00;DK2;30,000000;0,000000;99,976060;13,400000;78,339450;10,500000
2024-10-26 03:00;2024-10-26 05:00;DK2;30,000000;0,000000;99,976060;13,400000;83,711298;11,220000
2024-10-26 02:00;2024-10-26 04:00;DK2;15,000000;0,000000;70,878550;9,500000;59,687200;8,000000
2024-10-26 01:00;2024-10-26 03:00;DK2;15,000000;0,000000;79,980848;10,720000;81,323810;10,900000
2024-10-26 00:00;2024-10-26 02:00;DK2;15,000000;0,000000;82,069900;11,000000;74,609000;10,000000
2024-10-25 23:00;2024-10-26 01:00;DK2;30,000000;0,000000;99,976060;13,400000;78,339450;10,500000
2024-10-25 22:00;2024-10-26 00:00;DK2;36,000000;0,000000;150,038699;20,110000;136,982124;18,360000
2024-10-25 21:00;2024-10-25 23:00;DK2;88,000000;0,000000;150,038699;20,110000;165,482762;22,180000
2024-10-25 20:00;2024-10-25 22:00;DK2;88,000000;0,000000;150,038699;20,110000;165,482762;22,180000
2024-10-25 19:00;2024-10-25 21:00;DK2;88,000000;0,000000;150,038699;20,110000;175,928022;23,580000
2024-10-25 18:00;2024-10-25 20:00;DK2;64,000000;0,000000;111,913500;15,000000;165,482762;22,180000
2024-10-25 17:00;2024-10-25 19:00;DK2;64,000000;0,000000;115,643950;15,500000;165,482762;22,180000
2024-10-25 16:00;2024-10-25 18:00;DK2;64,000000;0,000000;115,643950;15,500000;165,482762;22,180000
2024-10-25 15:00;2024-10-25 17:00;DK2;64,000000;0,000000;123,104850;16,500000;165,482762;22,180000
2024-10-25 14:00;2024-10-25 16:00;DK2;68,000000;10,000000;150,038699;20,110000;1106,824515;148,350000
2024-10-25 13:00;2024-10-25 15:00;DK2;68,000000;10,000000;150,038699;20,110000;978,049381;131,090000
2024-10-25 12:00;2024-10-25 14:00;DK2;64,000000;0,000000;104,452600;14,000000;171,600700;23,000000
2024-10-25 11:00;2024-10-25 13:00;DK2;64,000000;10,000000;104,452600;14,000000;796,078030;106,700000
2024-10-25 10:00;2024-10-25 12:00;DK2;64,000000;10,000000;104,452600;14,000000;791,825317;106,130000
2024-10-25 09:00;2024-10-25 11:00;DK2;64,000000;10,000000;104,452600;14,000000;885,310394;118,660000
2024-10-25 08:00;2024-10-25 10:00;DK2;64,000000;10,000000;100,050669;13,410000;1055,717350;141,500000
2024-10-25 07:00;2024-10-25 09:00;DK2;64,000000;0,000000;100,050669;13,410000;179,061600;24,000000
2024-10-25 06:00;2024-10-25 08:00;DK2;88,000000;10,000000;150,038699;20,110000;1640,502692;219,880000
2024-10-25 05:00;2024-10-25 07:00;DK2;88,000000;0,000000;150,038699;20,110000;283,514200;38,000000
2024-10-25 04:00;2024-10-25 06:00;DK2;88,000000;10,000000;216,366100;29,000000;1143,308316;153,240000
2024-10-25 03:00;2024-10-25 05:00;DK2;88,000000;10,000000;238,748800;32,000000;982,227485;131,650000
2024-10-25 02:00;2024-10-25 04:00;DK2;34,000000;0,000000;100,050669;13,410000;104,154164;13,960000
2024-10-25 01:00;2024-10-25 03:00;DK2;26,000000;0,000000;89,530800;12,000000;104,154164;13,960000
2024-10-25 00:00;2024-10-25 02:00;DK2;26,000000;0,000000;89,530800;12,000000;104,154164;13,960000
2024-10-24 23:00;2024-10-25 01:00;DK2;26,000000;0,000000;104,303382;13,980000;104,154164;13,960000
2024-10-24 22:00;2024-10-25 00:00;DK2;68,000000;0,000000;150,038699;20,110000;171,600700;23,000000
2024-10-24 21:00;2024-10-24 23:00;DK2;41,000000;5,000000;151,732332;20,340000;963,731562;129,190000
2024-10-24 20:00;2024-10-24 22:00;DK2;31,000000;5,000000;134,276400;18,000000;1033,704486;138,570000
2024-10-24 19:00;2024-10-24 21:00;DK2;31,000000;0,000000;141,736200;19,000000;157,923966;21,170000
2024-10-24 18:00;2024-10-24 20:00;DK2;27,000000;0,000000;104,437200;14,000000;201,414600;27,000000
2024-10-24 17:00;2024-10-24 19:00;DK2;27,000000;10,000000;111,897000;15,000000;1694,866560;227,200000
2024-10-24 16:00;2024-10-24 18:00;DK2;12,000000;10,000000;31000,392468;4155,660000;1718,812518;230,410000
2024-10-24 15:00;2024-10-24 17:00;DK2;27,000000;5,000000;104,138808;13,960000;1340,824452;179,740000
2024-10-24 14:00;2024-10-24 16:00;DK2;27,000000;5,000000;106,376748;14,260000;1109,943642;148,790000
2024-10-24 13:00;2024-10-24 15:00;DK2;27,000000;5,000000;106,376748;14,260000;993,719958;133,210000
2024-10-24 12:00;2024-10-24 14:00;DK2;27,000000;5,000000;106,227552;14,240000;919,793340;123,300000
2024-10-24 11:00;2024-10-24 13:00;DK2;27,000000;5,000000;106,227552;14,240000;848,552250;113,750000
2024-10-24 10:00;2024-10-24 12:00;DK2;27,000000;5,000000;106,227552;14,240000;834,900816;111,920000
2024-10-24 09:00;2024-10-24 11:00;DK2;31,000000;5,000000;10427,383038;1397,810000;921,658290;123,550000
2024-10-24 08:00;2024-10-24 10:00;DK2;31,000000;5,000000;10427,383038;1397,810000;1009,460136;135,320000
2024-10-24 07:00;2024-10-24 09:00;DK2;31,000000;5,000000;10427,383038;1397,810000;1166,115936;156,320000
2024-10-24 06:00;2024-10-24 08:00;DK2;41,000000;5,000000;150,016578;20,110000;1510,460304;202,480000
2024-10-24 05:00;2024-10-24 07:00;DK2;41,000000;0,000000;150,016578;20,110000;283,472400;38,000000
2024-10-24 04:00;2024-10-24 06:00;DK2;41,000000;0,000000;151,732332;20,340000;283,472400;38,000000
2024-10-24 03:00;2024-10-24 05:00;DK2;43,000000;5,000000;221,854452;29,740000;1002,447924;134,380000
2024-10-24 02:00;2024-10-24 04:00;DK2;16,000000;0,000000;100,035918;13,410000;140,020446;18,770000
2024-10-24 01:00;2024-10-24 03:00;DK2;12,000000;0,000000;39,984528;5,360000;140,020446;18,770000
2024-10-24 00:00;2024-10-24 02:00;DK2;12,000000;0,000000;39,984528;5,360000;140,020446;18,770000
2024-10-23 23:00;2024-10-24 01:00;DK2;16,000000;0,000000;100,035918;13,410000;140,020446;18,770000
2024-10-23 22:00;2024-10-24 00:00;DK2;31,000000;0,000000;100,035918;13,410000;223,794000;30,000000
2024-10-23 21:00;2024-10-23 23:00;DK2;38,000000;0,000000;261,040500;35,000000;176,985459;23,730000
2024-10-23 20:00;2024-10-23 22:00;DK2;38,000000;0,000000;261,040500;35,000000;177,134625;23,750000
2024-10-23 19:00;2024-10-23 21:00;DK2;38,000000;0,000000;268,498800;36,000000;217,558611;29,170000
2024-10-23 18:00;2024-10-23 20:00;DK2;26,000000;0,000000;10282,534461;1378,670000;193,915800;26,000000
2024-10-23 17:00;2024-10-23 19:00;DK2;26,000000;0,000000;10282,534461;1378,670000;176,537961;23,670000
2024-10-23 16:00;2024-10-23 18:00;DK2;26,000000;0,000000;10282,534461;1378,670000;176,612544;23,680000
2024-10-23 15:00;2024-10-23 17:00;DK2;38,000000;0,000000;186,457500;25,000000;223,749000;30,000000
2024-10-23 14:00;2024-10-23 16:00;DK2;38,000000;0,000000;190,634148;25,560000;235,682280;31,600000
2024-10-23 13:00;2024-10-23 15:00;DK2;38,000000;5,000000;186,457500;25,000000;1026,262080;137,600000
2024-10-23 12:00;2024-10-23 14:00;DK2;38,000000;5,000000;186,457500;25,000000;715,549302;95,940000
2024-10-23 11:00;2024-10-23 13:00;DK2;38,000000;5,000000;186,457500;25,000000;715,549302;95,940000
2024-10-23 10:00;2024-10-23 12:00;DK2;38,000000;5,000000;190,634148;25,560000;892,236429;119,630000
2024-10-23 09:00;2024-10-23 11:00;DK2;28,000000;5,000000;6297,415605;844,350000;983,824353;131,910000
2024-10-23 08:00;2024-10-23 10:00;DK2;28,000000;5,000000;6297,415605;844,350000;1101,143412;147,640000
2024-10-23 07:00;2024-10-23 09:00;DK2;28,000000;0,000000;6297,415605;844,350000;232,400628;31,160000
2024-10-23 06:00;2024-10-23 08:00;DK2;28,000000;0,000000;6306,738480;845,600000;283,415400;38,000000
2024-10-23 05:00;2024-10-23 07:00;DK2;28,000000;0,000000;6306,738480;845,600000;396,632394;53,180000
2024-10-23 04:00;2024-10-23 06:00;DK2;38,000000;5,000000;221,884425;29,750000;1216,448730;163,100000
2024-10-23 03:00;2024-10-23 05:00;DK2;38,000000;5,000000;267,678387;35,890000;1054,529037;141,390000
2024-10-23 02:00;2024-10-23 04:00;DK2;26,000000;0,000000;7057,714707;946,290000;111,874500;15,000000
2024-10-23 01:00;2024-10-23 03:00;DK2;26,000000;0,000000;7057,714707;946,290000;111,874500;15,000000
2024-10-23 00:00;2024-10-23 02:00;DK2;26,000000;0,000000;7057,714707;946,290000;111,874500;15,000000
2024-10-22 23:00;2024-10-23 01:00;DK2;26,000000;0,000000;7057,714707;946,290000;111,874500;15,000000
2024-10-22 22:00;2024-10-23 00:00;DK2;38,000000;10,000000;186,159168;24,960000;643,203792;86,240000
2024-10-22 21:00;2024-10-22 23:00;DK2;43,000000;5,000000;268,473600;36,000000;1023,331872;137,220000
2024-10-22 20:00;2024-10-22 22:00;DK2;43,000000;5,000000;268,473600;36,000000;1023,331872;137,220000
2024-10-22 19:00;2024-10-22 21:00;DK2;43,000000;5,000000;267,504112;35,870000;1023,331872;137,220000
2024-10-22 18:00;2024-10-22 20:00;DK2;31,000000;5,000000;13701,251872;1837,220000;1123,636592;150,670000
2024-10-22 17:00;2024-10-22 19:00;DK2;31,000000;10,000000;13696,702736;1836,610000;1373,689920;184,200000
2024-10-22 16:00;2024-10-22 18:00;DK2;31,000000;10,000000;12650,401456;1696,310000;1485,181040;199,150000
2024-10-22 15:00;2024-10-22 17:00;DK2;41,000000;5,000000;206,873824;27,740000;1123,636592;150,670000
2024-10-22 14:00;2024-10-22 16:00;DK2;43,000000;10,000000;212,765328;28,530000;828,986816;111,160000
2024-10-22 13:00;2024-10-22 15:00;DK2;41,000000;0,000000;206,799248;27,730000;201,355200;27,000000
2024-10-22 12:00;2024-10-22 14:00;DK2;41,000000;0,000000;206,873824;27,740000;193,897600;26,000000
2024-10-22 11:00;2024-10-22 13:00;DK2;41,000000;0,000000;206,873824;27,740000;193,897600;26,000000
2024-10-22 10:00;2024-10-22 12:00;DK2;43,000000;0,000000;212,690752;28,520000;193,897600;26,000000
2024-10-22 09:00;2024-10-22 11:00;DK2;41,000000;0,000000;13329,863392;1787,420000;193,897600;26,000000
2024-10-22 08:00;2024-10-22 10:00;DK2;41,000000;0,000000;13334,039648;1787,980000;201,355200;27,000000
2024-10-22 07:00;2024-10-22 09:00;DK2;41,000000;0,000000;13334,114224;1787,990000;205,084000;27,500000
2024-10-22 06:00;2024-10-22 08:00;DK2;43,000000;5,000000;268,473600;36,000000;1436,408336;192,610000
2024-10-22 05:00;2024-10-22 07:00;DK2;43,000000;5,000000;246,921136;33,110000;1366,157744;183,190000
2024-10-22 04:00;2024-10-22 06:00;DK2;43,000000;0,000000;249,829600;33,500000;406,140896;54,460000
2024-10-22 03:00;2024-10-22 05:00;DK2;41,000000;0,000000;186,440000;25,000000;387,422320;51,950000
2024-10-22 02:00;2024-10-22 04:00;DK2;27,000000;0,000000;104,406400;14,000000;149,152000;20,000000
2024-10-22 01:00;2024-10-22 03:00;DK2;31,000000;0,000000;112,758912;15,120000;149,002848;19,980000
2024-10-22 00:00;2024-10-22 02:00;DK2;27,000000;0,000000;104,406400;14,000000;149,002848;19,980000
2024-10-21 23:00;2024-10-22 01:00;DK2;27,000000;0,000000;104,406400;14,000000;149,002848;19,980000
2024-10-21 22:00;2024-10-22 00:00;DK2;31,000000;0,000000;40195,419936;5389,860000;219,999200;29,500000
2024-10-21 21:00;2024-10-21 23:00;DK2;41,000000;0,000000;186,467500;25,000000;223,761000;30,000000
2024-10-21 20:00;2024-10-21 22:00;DK2;41,000000;0,000000;243,675729;32,670000;223,761000;30,000000
2024-10-21 19:00;2024-10-21 21:00;DK2;41,000000;0,000000;264,783850;35,500000;223,761000;30,000000
2024-10-21 18:00;2024-10-21 20:00;DK2;41,000000;0,000000;229,578786;30,780000;223,761000;30,000000
2024-10-21 17:00;2024-10-21 19:00;DK2;41,000000;0,000000;216,302300;29,000000;223,761000;30,000000
2024-10-21 16:00;2024-10-21 18:00;DK2;41,000000;0,000000;219,584128;29,440000;223,761000;30,000000
2024-10-21 15:00;2024-10-21 17:00;DK2;41,000000;0,000000;240,170140;32,200000;239,573444;32,120000
2024-10-21 14:00;2024-10-21 16:00;DK2;41,000000;0,000000;247,181318;33,140000;239,573444;32,120000
2024-10-21 13:00;2024-10-21 15:00;DK2;31,000000;0,000000;104,421800;14,000000;239,573444;32,120000
2024-10-21 12:00;2024-10-21 14:00;DK2;31,000000;0,000000;104,421800;14,000000;239,573444;32,120000
2024-10-21 11:00;2024-10-21 13:00;DK2;27,000000;0,000000;104,421800;14,000000;239,573444;32,120000
2024-10-21 10:00;2024-10-21 12:00;DK2;31,000000;0,000000;104,421800;14,000000;149,174000;20,000000
2024-10-21 09:00;2024-10-21 11:00;DK2;31,000000;0,000000;104,272626;13,980000;111,880500;15,000000
2024-10-21 08:00;2024-10-21 10:00;DK2;41,000000;0,000000;229,578786;30,780000;111,880500;15,000000
2024-10-21 07:00;2024-10-21 09:00;DK2;41,000000;0,000000;216,302300;29,000000;149,174000;20,000000
2024-10-21 06:00;2024-10-21 08:00;DK2;41,000000;0,000000;257,474324;34,520000;223,761000;30,000000
2024-10-21 05:00;2024-10-21 07:00;DK2;41,000000;0,000000;249,866450;33,500000;223,761000;30,000000
2024-10-21 04:00;2024-10-21 06:00;DK2;41,000000;7,000000;292,306453;39,190000;442,599258;59,340000
2024-10-21 03:00;2024-10-21 05:00;DK2;41,000000;7,000000;268,513200;36,000000;442,599258;59,340000
2024-10-21 02:00;2024-10-21 04:00;DK2;31,000000;12,000000;151,709958;20,340000;642,641592;86,160000
2024-10-21 01:00;2024-10-21 03:00;DK2;31,000000;7,000000;151,709958;20,340000;442,599258;59,340000
2024-10-21 00:00;2024-10-21 02:00;DK2;31,000000;7,000000;141,715300;19,000000;442,599258;59,340000
2024-10-20 23:00;2024-10-21 01:00;DK2;31,000000;7,000000;151,709958;20,340000;442,599258;59,340000
2024-10-20 22:00;2024-10-21 00:00;DK2;41,000000;7,000000;243,153620;32,600000;442,599258;59,340000
2024-10-20 21:00;2024-10-20 23:00;DK2;40,000000;10,000000;238,643200;32,000000;630,838384;84,590000
2024-10-20 20:00;2024-10-20 22:00;DK2;40,000000;10,000000;238,046592;31,920000;642,546816;86,160000
2024-10-20 19:00;2024-10-20 21:00;DK2;40,000000;10,000000;217,761920;29,200000;651,048480;87,300000
2024-10-20 18:00;2024-10-20 20:00;DK2;40,000000;10,000000;193,897600;26,000000;659,997600;88,500000
2024-10-20 17:00;2024-10-20 19:00;DK2;40,000000;10,000000;165,409568;22,180000;890,959472;119,470000
2024-10-20 16:00;2024-10-20 18:00;DK2;30,000000;10,000000;136,921536;18,360000;1093,507888;146,630000
2024-10-20 15:00;2024-10-20 17:00;DK2;30,000000;5,000000;154,372320;20,700000;767,983648;102,980000
2024-10-20 14:00;2024-10-20 16:00;DK2;40,000000;10,000000;193,897600;26,000000;836,220688;112,130000
2024-10-20 13:00;2024-10-20 15:00;DK2;40,000000;10,000000;231,483904;31,040000;742,553232;99,570000
2024-10-20 12:00;2024-10-20 14:00;DK2;40,000000;10,000000;216,270400;29,000000;654,777280;87,800000
2024-10-20 11:00;2024-10-20 13:00;DK2;40,000000;10,000000;235,436432;31,570000;650,526448;87,230000
2024-10-20 10:00;2024-10-20 12:00;DK2;40,000000;10,000000;234,690672;31,470000;666,112832;89,320000
2024-10-20 09:00;2024-10-20 11:00;DK2;40,000000;10,000000;233,422880;31,300000;759,407408;101,830000
2024-10-20 08:00;2024-10-20 10:00;DK2;40,000000;10,000000;193,897600;26,000000;805,047920;107,950000
2024-10-20 07:00;2024-10-20 09:00;DK2;40,000000;5,000000;193,897600;26,000000;617,862160;82,850000
2024-10-20 06:00;2024-10-20 08:00;DK2;40,000000;5,000000;216,270400;29,000000;717,644848;96,230000
2024-10-20 05:00;2024-10-20 07:00;DK2;40,000000;5,000000;229,917808;30,830000;796,769984;106,840000
2024-10-20 04:00;2024-10-20 06:00;DK2;40,000000;5,000000;193,897600;26,000000;689,678848;92,480000
2024-10-20 03:00;2024-10-20 05:00;DK2;40,000000;5,000000;193,897600;26,000000;685,502592;91,920000
2024-10-20 02:00;2024-10-20 04:00;DK2;28,000000;5,000000;111,864000;15,000000;684,607680;91,800000
2024-10-20 01:00;2024-10-20 03:00;DK2;28,000000;0,000000;108,433504;14,540000;59,660800;8,000000
2024-10-20 00:00;2024-10-20 02:00;DK2;28,000000;5,000000;108,433504;14,540000;787,373408;105,580000
2024-10-19 23:00;2024-10-20 01:00;DK2;28,000000;5,000000;111,864000;15,000000;809,969936;108,610000
2024-10-19 22:00;2024-10-20 00:00;DK2;40,000000;0,000000;193,897600;26,000000;74,576000;10,000000
2024-10-19 21:00;2024-10-19 23:00;DK2;26,000000;0,000000;165,260416;22,160000;74,576000;10,000000
2024-10-19 20:00;2024-10-19 22:00;DK2;26,000000;0,000000;169,138368;22,680000;78,304800;10,500000
2024-10-19 19:00;2024-10-19 21:00;DK2;26,000000;0,000000;151,165552;20,270000;81,735296;10,960000
2024-10-19 18:00;2024-10-19 20:00;DK2;26,000000;0,000000;141,694400;19,000000;83,226816;11,160000
2024-10-19 17:00;2024-10-19 19:00;DK2;26,000000;5,000000;136,026624;18,240000;1158,911040;155,400000
2024-10-19 16:00;2024-10-19 18:00;DK2;26,000000;10,000000;133,267312;17,870000;1404,638960;188,350000
2024-10-19 15:00;2024-10-19 17:00;DK2;26,000000;5,000000;117,979232;15,820000;1043,616544;139,940000
2024-10-19 14:00;2024-10-19 16:00;DK2;26,000000;0,000000;134,236800;18,000000;78,975984;10,590000
2024-10-19 13:00;2024-10-19 15:00;DK2;26,000000;5,000000;134,236800;18,000000;756,200640;101,400000
2024-10-19 12:00;2024-10-19 14:00;DK2;26,000000;5,000000;136,921536;18,360000;656,268800;88,000000
2024-10-19 11:00;2024-10-19 13:00;DK2;26,000000;5,000000;146,616416;19,660000;641,875632;86,070000
2024-10-19 10:00;2024-10-19 12:00;DK2;26,000000;5,000000;146,094384;19,590000;647,021376;86,760000
2024-10-19 09:00;2024-10-19 11:00;DK2;26,000000;5,000000;134,236800;18,000000;694,153408;93,080000
2024-10-19 08:00;2024-10-19 10:00;DK2;26,000000;5,000000;134,236800;18,000000;784,092064;105,140000
2024-10-19 07:00;2024-10-19 09:00;DK2;26,000000;5,000000;134,236800;18,000000;859,413824;115,240000
2024-10-19 06:00;2024-10-19 08:00;DK2;26,000000;10,000000;134,236800;18,000000;1188,816016;159,410000
2024-10-19 05:00;2024-10-19 07:00;DK2;26,000000;5,000000;134,236800;18,000000;1046,152128;140,280000
2024-10-19 04:00;2024-10-19 06:00;DK2;26,000000;0,000000;134,236800;18,000000;83,525120;11,200000
2024-10-19 03:00;2024-10-19 05:00;DK2;26,000000;0,000000;136,921536;18,360000;82,033600;11,000000
2024-10-19 02:00;2024-10-19 04:00;DK2;26,000000;0,000000;109,030112;14,620000;52,203200;7,000000
2024-10-19 01:00;2024-10-19 03:00;DK2;26,000000;0,000000;109,552144;14,690000;52,203200;7,000000
2024-10-19 00:00;2024-10-19 02:00;DK2;26,000000;0,000000;104,406400;14,000000;52,203200;7,000000
2024-10-18 23:00;2024-10-19 01:00;DK2;26,000000;0,000000;104,406400;14,000000;52,203200;7,000000
2024-10-18 22:00;2024-10-19 00:00;DK2;26,000000;0,000000;145,870656;19,560000;74,576000;10,000000
2024-10-18 21:00;2024-10-18 23:00;DK2;26,000000;0,000000;170,779040;22,900000;79,945472;10,720000
2024-10-18 20:00;2024-10-18 22:00;DK2;26,000000;0,000000;147,660480;19,800000;74,576000;10,000000
2024-10-18 19:00;2024-10-18 21:00;DK2;26,000000;0,000000;193,748448;25,980000;89,491200;12,000000
2024-10-18 18:00;2024-10-18 20:00;DK2;26,000000;0,000000;99,931840;13,400000;89,491200;12,000000
2024-10-18 17:00;2024-10-18 19:00;DK2;22,000000;0,000000;99,931840;13,400000;85,016640;11,400000
2024-10-18 16:00;2024-10-18 18:00;DK2;26,000000;0,000000;108,433504;14,540000;85,016640;11,400000
2024-10-18 15:00;2024-10-18 17:00;DK2;26,000000;0,000000;108,433504;14,540000;84,569184;11,340000
2024-10-18 14:00;2024-10-18 16:00;DK2;26,000000;0,000000;111,864000;15,000000;80,542080;10,800000
2024-10-18 13:00;2024-10-18 15:00;DK2;28,000000;0,000000;112,758912;15,120000;79,945472;10,720000
2024-10-18 12:00;2024-10-18 14:00;DK2;28,000000;0,000000;111,864000;15,000000;79,945472;10,720000
2024-10-18 11:00;2024-10-18 13:00;DK2;28,000000;0,000000;112,758912;15,120000;86,209856;11,560000
2024-10-18 10:00;2024-10-18 12:00;DK2;28,000000;0,000000;113,504672;15,220000;85,464096;11,460000
2024-10-18 09:00;2024-10-18 11:00;DK2;28,000000;0,000000;104,406400;14,000000;82,033600;11,000000
2024-10-18 08:00;2024-10-18 10:00;DK2;28,000000;0,000000;111,864000;15,000000;82,033600;11,000000
2024-10-18 07:00;2024-10-18 09:00;DK2;28,000000;0,000000;109,775872;14,720000;86,209856;11,560000
2024-10-18 06:00;2024-10-18 08:00;DK2;33,000000;0,000000;165,409568;22,180000;122,080912;16,370000
2024-10-18 05:00;2024-10-18 07:00;DK2;28,000000;0,000000;170,033280;22,800000;111,864000;15,000000
2024-10-18 04:00;2024-10-18 06:00;DK2;26,000000;0,000000;216,270400;29,000000;108,433504;14,540000
2024-10-18 03:00;2024-10-18 05:00;DK2;26,000000;0,000000;243,863520;32,700000;90,460688;12,130000
2024-10-18 02:00;2024-10-18 04:00;DK2;26,000000;0,000000;116,562288;15,630000;59,660800;8,000000
2024-10-18 01:00;2024-10-18 03:00;DK2;26,000000;0,000000;112,758912;15,120000;52,203200;7,000000
2024-10-18 00:00;2024-10-18 02:00;DK2;26,000000;0,000000;112,758912;15,120000;53,694720;7,200000
2024-10-17 23:00;2024-10-18 01:00;DK2;26,000000;0,000000;118,575840;15,900000;53,694720;7,200000
2024-10-17 22:00;2024-10-18 00:00;DK2;26,000000;0,000000;194,941664;26,140000;82,033600;11,000000
2024-10-17 21:00;2024-10-17 23:00;DK2;16,000000;0,000000;212,624250;28,500000;89,526000;12,000000
2024-10-17 20:00;2024-10-17 22:00;DK2;16,000000;0,000000;208,894000;28,000000;89,526000;12,000000
2024-10-17 19:00;2024-10-17 21:00;DK2;16,000000;0,000000;201,433500;27,000000;89,526000;12,000000
2024-10-17 18:00;2024-10-17 20:00;DK2;16,000000;0,000000;179,052000;24,000000;91,092705;12,210000
2024-10-17 17:00;2024-10-17 19:00;DK2;16,000000;0,000000;141,749500;19,000000;91,092705;12,210000
2024-10-17 16:00;2024-10-17 18:00;DK2;16,000000;0,000000;184,498165;24,730000;91,092705;12,210000
2024-10-17 15:00;2024-10-17 17:00;DK2;16,000000;0,000000;172,785180;23,160000;91,092705;12,210000
2024-10-17 14:00;2024-10-17 16:00;DK2;16,000000;0,000000;187,556970;25,140000;89,526000;12,000000
2024-10-17 13:00;2024-10-17 15:00;DK2;16,000000;0,000000;153,760905;20,610000;89,526000;12,000000
2024-10-17 12:00;2024-10-17 14:00;DK2;16,000000;0,000000;121,307730;16,260000;89,526000;12,000000
2024-10-17 11:00;2024-10-17 13:00;DK2;16,000000;0,000000;111,907500;15,000000;98,627810;13,220000
2024-10-17 10:00;2024-10-17 12:00;DK2;16,000000;0,000000;134,289000;18,000000;104,447000;14,000000
2024-10-17 09:00;2024-10-17 11:00;DK2;16,000000;0,000000;138,317670;18,540000;90,272050;12,100000
2024-10-17 08:00;2024-10-17 10:00;DK2;16,000000;0,000000;148,762370;19,940000;89,526000;12,000000
2024-10-17 07:00;2024-10-17 09:00;DK2;16,000000;0,000000;134,289000;18,000000;81,244845;10,890000
2024-10-17 06:00;2024-10-17 08:00;DK2;16,000000;0,000000;179,052000;24,000000;133,990580;17,960000
2024-10-17 05:00;2024-10-17 07:00;DK2;16,000000;0,000000;179,052000;24,000000;133,990580;17,960000
2024-10-17 04:00;2024-10-17 06:00;DK2;16,000000;0,000000;216,354500;29,000000;122,128385;16,370000
2024-10-17 03:00;2024-10-17 05:00;DK2;16,000000;0,000000;216,354500;29,000000;136,974780;18,360000
2024-10-17 02:00;2024-10-17 04:00;DK2;16,000000;0,000000;111,907500;15,000000;74,605000;10,000000
2024-10-17 01:00;2024-10-17 03:00;DK2;16,000000;0,000000;111,907500;15,000000;79,976560;10,720000
2024-10-17 00:00;2024-10-17 02:00;DK2;16,000000;0,000000;125,037980;16,760000;79,976560;10,720000
2024-10-16 23:00;2024-10-17 01:00;DK2;16,000000;0,000000;128,022180;17,160000;74,605000;10,000000
2024-10-16 22:00;2024-10-17 00:00;DK2;16,000000;0,000000;186,512500;25,000000;122,128385;16,370000
2024-10-16 21:00;2024-10-16 23:00;DK2;26,000000;5,000000;231,291000;31,000000;445,570920;59,720000
2024-10-16 20:00;2024-10-16 22:00;DK2;26,000000;5,000000;231,291000;31,000000;466,909380;62,580000
2024-10-16 19:00;2024-10-16 21:00;DK2;26,000000;5,000000;298,440000;40,000000;498,842460;66,860000
2024-10-16 18:00;2024-10-16 20:00;DK2;12,000000;0,000000;89,532000;12,000000;93,784770;12,570000
2024-10-16 17:00;2024-10-16 19:00;DK2;12,000000;0,000000;89,532000;12,000000;93,710160;12,560000
2024-10-16 16:00;2024-10-16 18:00;DK2;12,000000;5,000000;89,532000;12,000000;682,606890;91,490000
2024-10-16 15:00;2024-10-16 17:00;DK2;12,000000;5,000000;89,532000;12,000000;642,690540;86,140000
2024-10-16 14:00;2024-10-16 16:00;DK2;22,000000;5,000000;99,977400;13,400000;565,319970;75,770000
2024-10-16 13:00;2024-10-16 15:00;DK2;26,000000;5,000000;179,064000;24,000000;559,127340;74,940000
2024-10-16 12:00;2024-10-16 14:00;DK2;26,000000;5,000000;179,064000;24,000000;562,857840;75,440000
2024-10-16 11:00;2024-10-16 13:00;DK2;26,000000;5,000000;179,064000;24,000000;563,156280;75,480000
2024-10-16 10:00;2024-10-16 12:00;DK2;26,000000;5,000000;179,064000;24,000000;547,040520;73,320000
2024-10-16 09:00;2024-10-16 11:00;DK2;22,000000;0,000000;104,454000;14,000000;111,915000;15,000000
2024-10-16 08:00;2024-10-16 10:00;DK2;12,000000;0,000000;89,532000;12,000000;139,073040;18,640000
2024-10-16 07:00;2024-10-16 09:00;DK2;12,000000;0,000000;89,532000;12,000000;150,562980;20,180000
2024-10-16 06:00;2024-10-16 08:00;DK2;26,000000;0,000000;134,298000;18,000000;149,220000;20,000000
2024-10-16 05:00;2024-10-16 07:00;DK2;26,000000;0,000000;134,298000;18,000000;149,220000;20,000000
2024-10-16 04:00;2024-10-16 06:00;DK2;26,000000;5,000000;134,298000;18,000000;641,198340;85,940000
2024-10-16 03:00;2024-10-16 05:00;DK2;26,000000;5,000000;298,440000;40,000000;594,417870;79,670000
2024-10-16 02:00;2024-10-16 04:00;DK2;26,000000;5,000000;141,759000;19,000000;588,598290;78,890000
2024-10-16 01:00;2024-10-16 03:00;DK2;22,000000;5,000000;134,298000;18,000000;609,339870;81,670000
2024-10-16 00:00;2024-10-16 02:00;DK2;22,000000;5,000000;134,298000;18,000000;632,543580;84,780000
2024-10-15 23:00;2024-10-16 01:00;DK2;22,000000;5,000000;134,298000;18,000000;693,425340;92,940000
2024-10-15 22:00;2024-10-16 00:00;DK2;26,000000;5,000000;238,752000;32,000000;776,764710;104,110000
2024-10-15 21:00;2024-10-15 23:00;DK2;26,000000;0,000000;242,482500;32,500000;89,532000;12,000000
2024-10-15 20:00;2024-10-15 22:00;DK2;26,000000;0,000000;235,021500;31,500000;89,532000;12,000000
2024-10-15 19:00;2024-10-15 21:00;DK2;16,000000;0,000000;179,064000;24,000000;89,532000;12,000000
2024-10-15 18:00;2024-10-15 20:00;DK2;16,000000;0,000000;104,454000;14,000000;89,532000;12,000000
2024-10-15 17:00;2024-10-15 19:00;DK2;16,000000;5,000000;134,298000;18,000000;1325,819700;177,700000
2024-10-15 16:00;2024-10-15 18:00;DK2;16,000000;0,000000;141,759000;19,000000;104,454000;14,000000
2024-10-15 15:00;2024-10-15 17:00;DK2;16,000000;0,000000;111,915000;15,000000;89,532000;12,000000
2024-10-15 14:00;2024-10-15 16:00;DK2;16,000000;0,000000;104,155560;13,960000;89,532000;12,000000
2024-10-15 13:00;2024-10-15 15:00;DK2;16,000000;0,000000;104,155560;13,960000;89,532000;12,000000
2024-10-15 12:00;2024-10-15 14:00;DK2;16,000000;0,000000;104,155560;13,960000;89,532000;12,000000
2024-10-15 11:00;2024-10-15 13:00;DK2;16,000000;0,000000;104,155560;13,960000;89,532000;12,000000
2024-10-15 10:00;2024-10-15 12:00;DK2;16,000000;0,000000;104,155560;13,960000;89,532000;12,000000
2024-10-15 09:00;2024-10-15 11:00;DK2;16,000000;0,000000;104,155560;13,960000;89,532000;12,000000
2024-10-15 08:00;2024-10-15 10:00;DK2;16,000000;0,000000;104,454000;14,000000;96,993000;13,000000
2024-10-15 07:00;2024-10-15 09:00;DK2;16,000000;0,000000;108,482940;14,540000;111,915000;15,000000
2024-10-15 06:00;2024-10-15 08:00;DK2;16,000000;0,000000;186,525000;25,000000;249,943500;33,500000
2024-10-15 05:00;2024-10-15 07:00;DK2;16,000000;0,000000;186,525000;25,000000;249,943500;33,500000
2024-10-15 04:00;2024-10-15 06:00;DK2;16,000000;0,000000;122,136570;16,370000;96,993000;13,000000
2024-10-15 03:00;2024-10-15 05:00;DK2;16,000000;0,000000;186,525000;25,000000;104,454000;14,000000
2024-10-15 02:00;2024-10-15 04:00;DK2;16,000000;0,000000;89,532000;12,000000;78,340500;10,500000
2024-10-15 01:00;2024-10-15 03:00;DK2;16,000000;0,000000;88,263630;11,830000;74,610000;10,000000
2024-10-15 00:00;2024-10-15 02:00;DK2;16,000000;0,000000;89,532000;12,000000;74,610000;10,000000
2024-10-14 23:00;2024-10-15 01:00;DK2;16,000000;0,000000;100,275840;13,440000;79,981920;10,720000
2024-10-14 22:00;2024-10-15 00:00;DK2;16,000000;0,000000;136,983960;18,360000;89,532000;12,000000
2024-10-14 21:00;2024-10-14 23:00;DK2;33,000000;0,000000;156,612687;20,990000;100,727550;13,500000
2024-10-14 20:00;2024-10-14 22:00;DK2;33,000000;0,000000;141,764700;19,000000;100,727550;13,500000
2024-10-14 19:00;2024-10-14 21:00;DK2;33,000000;0,000000;141,764700;19,000000;89,535600;12,000000
2024-10-14 18:00;2024-10-14 20:00;DK2;33,000000;0,000000;104,458200;14,000000;89,535600;12,000000
2024-10-14 17:00;2024-10-14 19:00;DK2;33,000000;0,000000;111,919500;15,000000;145,495350;19,500000
2024-10-14 16:00;2024-10-14 18:00;DK2;33,000000;0,000000;134,004948;17,960000;228,763458;30,660000
2024-10-14 15:00;2024-10-14 17:00;DK2;33,000000;0,000000;134,004948;17,960000;209,513304;28,080000
2024-10-14 14:00;2024-10-14 16:00;DK2;33,000000;0,000000;108,487302;14,540000;82,074300;11,000000
2024-10-14 13:00;2024-10-14 15:00;DK2;33,000000;0,000000;108,487302;14,540000;74,613000;10,000000
2024-10-14 12:00;2024-10-14 14:00;DK2;33,000000;0,000000;111,919500;15,000000;74,836839;10,030000
2024-10-14 11:00;2024-10-14 13:00;DK2;33,000000;0,000000;108,487302;14,540000;82,074300;11,000000
2024-10-14 10:00;2024-10-14 12:00;DK2;33,000000;0,000000;111,919500;15,000000;78,343650;10,500000
2024-10-14 09:00;2024-10-14 11:00;DK2;33,000000;0,000000;108,487302;14,540000;89,535600;12,000000
2024-10-14 08:00;2024-10-14 10:00;DK2;33,000000;0,000000;108,487302;14,540000;104,458200;14,000000
2024-10-14 07:00;2024-10-14 09:00;DK2;33,000000;0,000000;122,141481;16,370000;119,380800;16,000000
2024-10-14 06:00;2024-10-14 08:00;DK2;33,000000;0,000000;147,882966;19,820000;223,839000;30,000000
2024-10-14 05:00;2024-10-14 07:00;DK2;33,000000;0,000000;165,491634;22,180000;249,953550;33,500000
2024-10-14 04:00;2024-10-14 06:00;DK2;33,000000;0,000000;111,919500;15,000000;134,303400;18,000000
2024-10-14 03:00;2024-10-14 05:00;DK2;33,000000;0,000000;108,487302;14,540000;119,380800;16,000000
2024-10-14 02:00;2024-10-14 04:00;DK2;23,000000;0,000000;93,117024;12,480000;70,882350;9,500000
2024-10-14 01:00;2024-10-14 03:00;DK2;23,000000;0,000000;86,401854;11,580000;63,421050;8,500000
2024-10-14 00:00;2024-10-14 02:00;DK2;23,000000;0,000000;86,401854;11,580000;63,421050;8,500000
2024-10-13 23:00;2024-10-14 01:00;DK2;23,000000;0,000000;93,117024;12,480000;63,421050;8,500000
2024-10-13 22:00;2024-10-14 00:00;DK2;23,000000;0,000000;89,535600;12,000000;89,535600;12,000000
2024-10-13 21:00;2024-10-13 23:00;DK2;38,000000;0,000000;111,915000;15,000000;74,610000;10,000000
2024-10-13 20:00;2024-10-13 22:00;DK2;38,000000;0,000000;111,915000;15,000000;74,610000;10,000000
2024-10-13 19:00;2024-10-13 21:00;DK2;38,000000;0,000000;122,136570;16,370000;74,610000;10,000000
2024-10-13 18:00;2024-10-13 20:00;DK2;38,000000;0,000000;111,915000;15,000000;74,610000;10,000000
2024-10-13 17:00;2024-10-13 19:00;DK2;38,000000;0,000000;108,482940;14,540000;74,610000;10,000000
2024-10-13 16:00;2024-10-13 18:00;DK2;38,000000;0,000000;111,915000;15,000000;86,249160;11,560000
2024-10-13 15:00;2024-10-13 17:00;DK2;38,000000;3,000000;111,915000;15,000000;450,047520;60,320000
2024-10-13 14:00;2024-10-13 16:00;DK2;38,000000;3,000000;134,298000;18,000000;250,018110;33,510000
2024-10-13 13:00;2024-10-13 15:00;DK2;38,000000;3,000000;145,489500;19,500000;150,040710;20,110000
2024-10-13 12:00;2024-10-13 14:00;DK2;38,000000;3,000000;134,298000;18,000000;150,040710;20,110000
2024-10-13 11:00;2024-10-13 13:00;DK2;38,000000;3,000000;141,759000;19,000000;150,040710;20,110000
2024-10-13 10:00;2024-10-13 12:00;DK2;38,000000;3,000000;141,759000;19,000000;150,040710;20,110000
2024-10-13 09:00;2024-10-13 11:00;DK2;38,000000;3,000000;159,217740;21,340000;250,018110;33,510000
2024-10-13 08:00;2024-10-13 10:00;DK2;38,000000;3,000000;134,298000;18,000000;250,018110;33,510000
2024-10-13 07:00;2024-10-13 09:00;DK2;38,000000;3,000000;165,484980;22,180000;349,995510;46,910000
2024-10-13 06:00;2024-10-13 08:00;DK2;38,000000;3,000000;179,064000;24,000000;349,995510;46,910000
2024-10-13 05:00;2024-10-13 07:00;DK2;38,000000;3,000000;179,064000;24,000000;349,995510;46,910000
2024-10-13 04:00;2024-10-13 06:00;DK2;38,000000;8,000000;186,525000;25,000000;472,281300;63,300000
2024-10-13 03:00;2024-10-13 05:00;DK2;38,000000;8,000000;191,150820;25,620000;418,039830;56,030000
2024-10-13 02:00;2024-10-13 04:00;DK2;38,000000;13,000000;130,567500;17,500000;664,178220;89,020000
2024-10-13 01:00;2024-10-13 03:00;DK2;38,000000;13,000000;126,837000;17,000000;649,927710;87,110000
2024-10-13 00:00;2024-10-13 02:00;DK2;38,000000;13,000000;126,837000;17,000000;646,868700;86,700000
2024-10-12 23:00;2024-10-13 01:00;DK2;38,000000;13,000000;130,567500;17,500000;647,465580;86,780000
2024-10-12 22:00;2024-10-13 00:00;DK2;38,000000;13,000000;231,291000;31,000000;642,988980;86,180000
2024-10-12 21:00;2024-10-12 23:00;DK2;41,000000;13,000000;190,255500;25,500000;660,820770;88,570000
2024-10-12 20:00;2024-10-12 22:00;DK2;41,000000;13,000000;179,064000;24,000000;676,339650;90,650000
2024-10-12 19:00;2024-10-12 21:00;DK2;41,000000;13,000000;179,064000;24,000000;690,291720;92,520000
2024-10-12 18:00;2024-10-12 20:00;DK2;41,000000;13,000000;179,064000;24,000000;713,346210;95,610000
2024-10-12 17:00;2024-10-12 19:00;DK2;41,000000;13,000000;179,064000;24,000000;990,074700;132,700000
2024-10-12 16:00;2024-10-12 18:00;DK2;41,000000;13,000000;216,369000;29,000000;995,595840;133,440000
2024-10-12 15:00;2024-10-12 17:00;DK2;41,000000;0,000000;134,298000;18,000000;82,518660;11,060000
2024-10-12 14:00;2024-10-12 16:00;DK2;41,000000;3,000000;141,759000;19,000000;400,133430;53,630000
2024-10-12 13:00;2024-10-12 15:00;DK2;41,000000;3,000000;141,759000;19,000000;325,150380;43,580000
2024-10-12 12:00;2024-10-12 14:00;DK2;41,000000;3,000000;134,298000;18,000000;325,150380;43,580000
2024-10-12 11:00;2024-10-12 13:00;DK2;41,000000;3,000000;134,298000;18,000000;325,150380;43,580000
2024-10-12 10:00;2024-10-12 12:00;DK2;41,000000;3,000000;146,160990;19,590000;325,150380;43,580000
2024-10-12 09:00;2024-10-12 11:00;DK2;41,000000;3,000000;146,160990;19,590000;325,150380;43,580000
2024-10-12 08:00;2024-10-12 10:00;DK2;41,000000;3,000000;146,160990;19,590000;325,150380;43,580000
2024-10-12 07:00;2024-10-12 09:00;DK2;41,000000;3,000000;146,160990;19,590000;550,174140;73,740000
2024-10-12 06:00;2024-10-12 08:00;DK2;41,000000;3,000000;146,160990;19,590000;400,133430;53,630000
2024-10-12 05:00;2024-10-12 07:00;DK2;41,000000;0,000000;134,298000;18,000000;74,610000;10,000000
2024-10-12 04:00;2024-10-12 06:00;DK2;41,000000;0,000000;134,298000;18,000000;74,610000;10,000000
2024-10-12 03:00;2024-10-12 05:00;DK2;41,000000;0,000000;186,226560;24,960000;74,610000;10,000000
2024-10-12 02:00;2024-10-12 04:00;DK2;41,000000;0,000000;104,304780;13,980000;68,268150;9,150000
2024-10-12 01:00;2024-10-12 03:00;DK2;41,000000;0,000000;104,304780;13,980000;59,688000;8,000000
2024-10-12 00:00;2024-10-12 02:00;DK2;41,000000;0,000000;104,304780;13,980000;63,418500;8,500000
2024-10-11 23:00;2024-10-12 01:00;DK2;41,000000;0,000000;112,810320;15,120000;63,418500;8,500000
2024-10-11 22:00;2024-10-12 00:00;DK2;41,000000;0,000000;186,226560;24,960000;74,610000;10,000000
2024-10-11 21:00;2024-10-11 23:00;DK2;13,000000;0,000000;165,484980;22,180000;74,610000;10,000000
2024-10-11 20:00;2024-10-11 22:00;DK2;13,000000;0,000000;175,930380;23,580000;74,610000;10,000000
2024-10-11 19:00;2024-10-11 21:00;DK2;13,000000;0,000000;165,484980;22,180000;74,610000;10,000000
2024-10-11 18:00;2024-10-11 20:00;DK2;13,000000;0,000000;111,915000;15,000000;74,610000;10,000000
2024-10-11 17:00;2024-10-11 19:00;DK2;13,000000;0,000000;111,915000;15,000000;74,610000;10,000000
2024-10-11 16:00;2024-10-11 18:00;DK2;13,000000;0,000000;89,532000;12,000000;78,489720;10,520000
2024-10-11 15:00;2024-10-11 17:00;DK2;13,000000;0,000000;111,915000;15,000000;82,071000;11,000000
2024-10-11 14:00;2024-10-11 16:00;DK2;13,000000;0,000000;111,915000;15,000000;79,981920;10,720000
2024-10-11 13:00;2024-10-11 15:00;DK2;13,000000;3,000000;111,915000;15,000000;250,167330;33,530000
2024-10-11 12:00;2024-10-11 14:00;DK2;13,000000;3,000000;115,645500;15,500000;250,167330;33,530000
2024-10-11 11:00;2024-10-11 13:00;DK2;13,000000;0,000000;111,915000;15,000000;119,376000;16,000000
2024-10-11 10:00;2024-10-11 12:00;DK2;13,000000;0,000000;123,106500;16,500000;81,697950;10,950000
2024-10-11 09:00;2024-10-11 11:00;DK2;13,000000;0,000000;126,837000;17,000000;80,578800;10,800000
2024-10-11 08:00;2024-10-11 10:00;DK2;13,000000;3,000000;130,567500;17,500000;400,208040;53,640000
2024-10-11 07:00;2024-10-11 09:00;DK2;13,000000;3,000000;134,298000;18,000000;400,208040;53,640000
2024-10-11 06:00;2024-10-11 08:00;DK2;13,000000;0,000000;195,030540;26,140000;149,220000;20,000000
2024-10-11 05:00;2024-10-11 07:00;DK2;13,000000;0,000000;216,369000;29,000000;136,983960;18,360000
2024-10-11 04:00;2024-10-11 06:00;DK2;13,000000;0,000000;219,502620;29,420000;134,298000;18,000000
2024-10-11 03:00;2024-10-11 05:00;DK2;13,000000;3,000000;229,649580;30,780000;141,759000;19,000000
2024-10-11 02:00;2024-10-11 04:00;DK2;13,000000;3,000000;112,810320;15,120000;100,052010;13,410000
2024-10-11 01:00;2024-10-11 03:00;DK2;13,000000;3,000000;115,197840;15,440000;100,052010;13,410000
2024-10-11 00:00;2024-10-11 02:00;DK2;13,000000;3,000000;113,183370;15,170000;100,052010;13,410000
2024-10-10 23:00;2024-10-11 01:00;DK2;13,000000;3,000000;115,347060;15,460000;100,052010;13,410000
2024-10-10 22:00;2024-10-11 00:00;DK2;13,000000;3,000000;175,333500;23,500000;100,052010;13,410000
2024-10-10 21:00;2024-10-10 23:00;DK2;7,000000;0,000000;149,556960;20,050000;79,142112;10,610000
2024-10-10 20:00;2024-10-10 22:00;DK2;7,000000;0,000000;149,184000;20,000000;77,948640;10,450000
2024-10-10 19:00;2024-10-10 21:00;DK2;7,000000;0,000000;149,184000;20,000000;79,142112;10,610000
2024-10-10 18:00;2024-10-10 20:00;DK2;7,000000;0,000000;126,209664;16,920000;95,776128;12,840000
2024-10-10 17:00;2024-10-10 19:00;DK2;7,000000;0,000000;96,969600;13,000000;86,750496;11,630000
2024-10-10 16:00;2024-10-10 18:00;DK2;7,000000;0,000000;89,510400;12,000000;83,244672;11,160000
2024-10-10 15:00;2024-10-10 17:00;DK2;7,000000;0,000000;96,969600;13,000000;79,142112;10,610000
2024-10-10 14:00;2024-10-10 16:00;DK2;7,000000;0,000000;126,955584;17,020000;78,321600;10,500000
2024-10-10 13:00;2024-10-10 15:00;DK2;7,000000;0,000000;104,428800;14,000000;74,592000;10,000000
2024-10-10 12:00;2024-10-10 14:00;DK2;7,000000;0,000000;107,785440;14,450000;74,592000;10,000000
2024-10-10 11:00;2024-10-10 13:00;DK2;7,000000;0,000000;101,295936;13,580000;102,713184;13,770000
2024-10-10 10:00;2024-10-10 12:00;DK2;7,000000;0,000000;107,785440;14,450000;74,592000;10,000000
2024-10-10 09:00;2024-10-10 11:00;DK2;7,000000;0,000000;104,428800;14,000000;74,592000;10,000000
2024-10-10 08:00;2024-10-10 10:00;DK2;7,000000;0,000000;96,372864;12,920000;74,592000;10,000000
2024-10-10 07:00;2024-10-10 09:00;DK2;7,000000;0,000000;89,510400;12,000000;74,592000;10,000000
2024-10-10 06:00;2024-10-10 08:00;DK2;7,000000;0,000000;134,265600;18,000000;119,794752;16,060000
2024-10-10 05:00;2024-10-10 07:00;DK2;7,000000;0,000000;134,265600;18,000000;111,888000;15,000000
2024-10-10 04:00;2024-10-10 06:00;DK2;7,000000;0,000000;134,265600;18,000000;102,713184;13,770000
2024-10-10 03:00;2024-10-10 05:00;DK2;7,000000;0,000000;119,347200;16,000000;91,151424;12,220000
2024-10-10 02:00;2024-10-10 04:00;DK2;7,000000;0,000000;99,804096;13,380000;46,992960;6,300000
2024-10-10 01:00;2024-10-10 03:00;DK2;7,000000;0,000000;89,510400;12,000000;59,673600;8,000000
2024-10-10 00:00;2024-10-10 02:00;DK2;7,000000;0,000000;89,510400;12,000000;55,944000;7,500000
2024-10-09 23:00;2024-10-10 01:00;DK2;7,000000;0,000000;99,804096;13,380000;62,508096;8,380000
2024-10-09 22:00;2024-10-10 00:00;DK2;7,000000;0,000000;149,333184;20,020000;74,592000;10,000000
2024-10-09 21:00;2024-10-09 23:00;DK2;13,000000;3,000000;181,094808;24,280000;650,389920;87,200000
2024-10-09 20:00;2024-10-09 22:00;DK2;13,000000;3,000000;179,826846;24,110000;650,389920;87,200000
2024-10-09 19:00;2024-10-09 21:00;DK2;13,000000;3,000000;179,304744;24,040000;825,517848;110,680000
2024-10-09 18:00;2024-10-09 20:00;DK2;13,000000;0,000000;132,017220;17,700000;95,768424;12,840000
2024-10-09 17:00;2024-10-09 19:00;DK2;13,000000;3,000000;104,420400;14,000000;1050,618396;140,860000
2024-10-09 16:00;2024-10-09 18:00;DK2;13,000000;3,000000;125,602824;16,840000;1050,618396;140,860000
2024-10-09 15:00;2024-10-09 17:00;DK2;13,000000;3,000000;134,254800;18,000000;900,551364;120,740000
2024-10-09 14:00;2024-10-09 16:00;DK2;13,000000;3,000000;137,014482;18,370000;500,322888;67,080000
2024-10-09 13:00;2024-10-09 15:00;DK2;13,000000;3,000000;134,254800;18,000000;500,322888;67,080000
2024-10-09 12:00;2024-10-09 14:00;DK2;13,000000;3,000000;134,254800;18,000000;500,322888;67,080000
2024-10-09 11:00;2024-10-09 13:00;DK2;13,000000;3,000000;141,713400;19,000000;500,322888;67,080000
2024-10-09 10:00;2024-10-09 12:00;DK2;13,000000;0,000000;134,254800;18,000000;74,586000;10,000000
2024-10-09 09:00;2024-10-09 11:00;DK2;9,000000;0,000000;74,586000;10,000000;93,232500;12,500000
2024-10-09 08:00;2024-10-09 10:00;DK2;9,000000;0,000000;74,586000;10,000000;91,069506;12,210000
2024-10-09 07:00;2024-10-09 09:00;DK2;9,000000;0,000000;74,586000;10,000000;298,344000;40,000000
2024-10-09 06:00;2024-10-09 08:00;DK2;9,000000;0,000000;89,503200;12,000000;208,840800;28,000000
2024-10-09 05:00;2024-10-09 07:00;DK2;13,000000;0,000000;111,879000;15,000000;149,172000;20,000000
2024-10-09 04:00;2024-10-09 06:00;DK2;13,000000;0,000000;141,713400;19,000000;107,776770;14,450000
2024-10-09 03:00;2024-10-09 05:00;DK2;13,000000;3,000000;179,006400;24,000000;500,322888;67,080000
2024-10-09 02:00;2024-10-09 04:00;DK2;13,000000;3,000000;132,315564;17,740000;500,322888;67,080000
2024-10-09 01:00;2024-10-09 03:00;DK2;13,000000;3,000000;126,199512;16,920000;500,322888;67,080000
2024-10-09 00:00;2024-10-09 02:00;DK2;13,000000;3,000000;126,199512;16,920000;500,322888;67,080000
2024-10-08 23:00;2024-10-09 01:00;DK2;13,000000;3,000000;126,199512;16,920000;500,322888;67,080000
2024-10-08 22:00;2024-10-09 00:00;DK2;13,000000;3,000000;171,547800;23,000000;500,322888;67,080000
2024-10-08 21:00;2024-10-08 23:00;DK2;23,000000;0,000000;193,905400;26,000000;74,579000;10,000000
2024-10-08 20:00;2024-10-08 22:00;DK2;23,000000;0,000000;216,279100;29,000000;74,579000;10,000000
2024-10-08 19:00;2024-10-08 21:00;DK2;23,000000;0,000000;216,279100;29,000000;74,579000;10,000000
2024-10-08 18:00;2024-10-08 20:00;DK2;23,000000;0,000000;111,868500;15,000000;74,579000;10,000000
2024-10-08 17:00;2024-10-08 19:00;DK2;23,000000;3,000000;75,026474;10,060000;1050,519794;140,860000
2024-10-08 16:00;2024-10-08 18:00;DK2;23,000000;3,000000;75,026474;10,060000;1050,519794;140,860000
2024-10-08 15:00;2024-10-08 17:00;DK2;23,000000;0,000000;75,026474;10,060000;82,036900;11,000000
2024-10-08 14:00;2024-10-08 16:00;DK2;23,000000;0,000000;75,026474;10,060000;74,579000;10,000000
2024-10-08 13:00;2024-10-08 15:00;DK2;13,000000;0,000000;111,868500;15,000000;74,579000;10,000000
2024-10-08 12:00;2024-10-08 14:00;DK2;13,000000;0,000000;134,242200;18,000000;70,850050;9,500000
2024-10-08 11:00;2024-10-08 13:00;DK2;13,000000;0,000000;74,579000;10,000000;70,850050;9,500000
2024-10-08 10:00;2024-10-08 12:00;DK2;13,000000;0,000000;74,579000;10,000000;74,579000;10,000000
2024-10-08 09:00;2024-10-08 11:00;DK2;13,000000;0,000000;74,579000;10,000000;74,579000;10,000000
2024-10-08 08:00;2024-10-08 10:00;DK2;13,000000;0,000000;74,579000;10,000000;108,139550;14,500000
2024-10-08 07:00;2024-10-08 09:00;DK2;13,000000;0,000000;74,579000;10,000000;111,868500;15,000000
2024-10-08 06:00;2024-10-08 08:00;DK2;13,000000;0,000000;126,784300;17,000000;171,531700;23,000000
2024-10-08 05:00;2024-10-08 07:00;DK2;13,000000;0,000000;134,242200;18,000000;115,597450;15,500000
2024-10-08 04:00;2024-10-08 06:00;DK2;13,000000;0,000000;111,868500;15,000000;149,158000;20,000000
2024-10-08 03:00;2024-10-08 05:00;DK2;13,000000;0,000000;111,868500;15,000000;120,967138;16,220000
2024-10-08 02:00;2024-10-08 04:00;DK2;13,000000;0,000000;122,085823;16,370000;52,205300;7,000000
2024-10-08 01:00;2024-10-08 03:00;DK2;13,000000;0,000000;104,410600;14,000000;62,198886;8,340000
2024-10-08 00:00;2024-10-08 02:00;DK2;13,000000;0,000000;122,085823;16,370000;62,198886;8,340000
2024-10-07 23:00;2024-10-08 01:00;DK2;13,000000;0,000000;136,927044;18,360000;62,198886;8,340000
2024-10-07 22:00;2024-10-08 00:00;DK2;13,000000;0,000000;175,857282;23,580000;74,579000;10,000000
2024-10-07 21:00;2024-10-07 23:00;DK2;12,000000;0,000000;178,972800;24,000000;74,572000;10,000000
2024-10-07 20:00;2024-10-07 22:00;DK2;12,000000;0,000000;178,972800;24,000000;74,572000;10,000000
2024-10-07 19:00;2024-10-07 21:00;DK2;12,000000;0,000000;134,229600;18,000000;78,300600;10,500000
2024-10-07 18:00;2024-10-07 20:00;DK2;12,000000;0,000000;89,486400;12,000000;82,029200;11,000000
2024-10-07 17:00;2024-10-07 19:00;DK2;12,000000;0,000000;89,486400;12,000000;85,757800;11,500000
2024-10-07 16:00;2024-10-07 18:00;DK2;12,000000;0,000000;89,486400;12,000000;89,486400;12,000000
2024-10-07 15:00;2024-10-07 17:00;DK2;12,000000;0,000000;86,205232;11,560000;96,943600;13,000000
2024-10-07 14:00;2024-10-07 16:00;DK2;12,000000;0,000000;89,486400;12,000000;82,029200;11,000000
2024-10-07 13:00;2024-10-07 15:00;DK2;12,000000;0,000000;136,914192;18,360000;74,572000;10,000000
2024-10-07 12:00;2024-10-07 14:00;DK2;12,000000;0,000000;134,229600;18,000000;74,572000;10,000000
2024-10-07 11:00;2024-10-07 13:00;DK2;12,000000;0,000000;134,229600;18,000000;74,572000;10,000000
2024-10-07 10:00;2024-10-07 12:00;DK2;12,000000;0,000000;136,914192;18,360000;74,572000;10,000000
2024-10-07 09:00;2024-10-07 11:00;DK2;12,000000;0,000000;134,229600;18,000000;82,029200;11,000000
2024-10-07 08:00;2024-10-07 10:00;DK2;12,000000;0,000000;134,229600;18,000000;82,029200;11,000000
2024-10-07 07:00;2024-10-07 09:00;DK2;12,000000;0,000000;136,914192;18,360000;89,486400;12,000000
2024-10-07 06:00;2024-10-07 08:00;DK2;12,000000;0,000000;134,229600;18,000000;112,156288;15,040000
2024-10-07 05:00;2024-10-07 07:00;DK2;12,000000;0,000000;134,229600;18,000000;138,256488;18,540000
2024-10-07 04:00;2024-10-07 06:00;DK2;12,000000;0,000000;136,914192;18,360000;119,315200;16,000000
2024-10-07 03:00;2024-10-07 05:00;DK2;12,000000;0,000000;156,601200;21,000000;89,486400;12,000000
2024-10-07 02:00;2024-10-07 04:00;DK2;12,000000;0,000000;89,486400;12,000000;44,743200;6,000000
2024-10-07 01:00;2024-10-07 03:00;DK2;12,000000;0,000000;89,486400;12,000000;44,743200;6,000000
2024-10-07 00:00;2024-10-07 02:00;DK2;12,000000;0,000000;89,486400;12,000000;44,743200;6,000000
2024-10-06 23:00;2024-10-07 01:00;DK2;12,000000;0,000000;89,486400;12,000000;37,286000;5,000000
2024-10-06 22:00;2024-10-07 00:00;DK2;12,000000;0,000000;111,858000;15,000000;59,657600;8,000000
2024-10-06 21:00;2024-10-06 23:00;DK2;17,000000;0,000000;111,868500;15,000000;74,579000;10,000000
2024-10-06 20:00;2024-10-06 22:00;DK2;17,000000;0,000000;115,597450;15,500000;74,579000;10,000000
2024-10-06 19:00;2024-10-06 21:00;DK2;17,000000;0,000000;119,326400;16,000000;74,579000;10,000000
2024-10-06 18:00;2024-10-06 20:00;DK2;17,000000;0,000000;115,597450;15,500000;89,494800;12,000000
2024-10-06 17:00;2024-10-06 19:00;DK2;12,000000;0,000000;89,494800;12,000000;96,952700;13,000000
2024-10-06 16:00;2024-10-06 18:00;DK2;12,000000;0,000000;89,494800;12,000000;74,579000;10,000000
2024-10-06 15:00;2024-10-06 17:00;DK2;22,000000;0,000000;108,139550;14,500000;74,579000;10,000000
2024-10-06 14:00;2024-10-06 16:00;DK2;17,000000;0,000000;126,784300;17,000000;74,579000;10,000000
2024-10-06 13:00;2024-10-06 15:00;DK2;22,000000;3,000000;134,242200;18,000000;499,903037;67,030000
2024-10-06 12:00;2024-10-06 14:00;DK2;22,000000;0,000000;134,242200;18,000000;89,494800;12,000000
2024-10-06 11:00;2024-10-06 13:00;DK2;22,000000;0,000000;134,242200;18,000000;96,952700;13,000000
2024-10-06 10:00;2024-10-06 12:00;DK2;22,000000;0,000000;134,242200;18,000000;78,307950;10,500000
2024-10-06 09:00;2024-10-06 11:00;DK2;22,000000;8,000000;134,242200;18,000000;524,290370;70,300000
2024-10-06 08:00;2024-10-06 10:00;DK2;22,000000;3,000000;134,242200;18,000000;499,903037;67,030000
2024-10-06 07:00;2024-10-06 09:00;DK2;22,000000;3,000000;134,242200;18,000000;749,817266;100,540000
2024-10-06 06:00;2024-10-06 08:00;DK2;22,000000;8,000000;134,242200;18,000000;786,659292;105,480000
2024-10-06 05:00;2024-10-06 07:00;DK2;22,000000;3,000000;126,784300;17,000000;749,817266;100,540000
2024-10-06 04:00;2024-10-06 06:00;DK2;22,000000;0,000000;126,784300;17,000000;74,579000;10,000000
2024-10-06 03:00;2024-10-06 05:00;DK2;22,000000;0,000000;126,784300;17,000000;89,494800;12,000000
2024-10-06 02:00;2024-10-06 04:00;DK2;12,000000;0,000000;89,494800;12,000000;72,714525;9,750000
2024-10-06 01:00;2024-10-06 03:00;DK2;12,000000;0,000000;89,494800;12,000000;72,714525;9,750000
2024-10-06 00:00;2024-10-06 02:00;DK2;12,000000;0,000000;89,494800;12,000000;67,121100;9,000000
2024-10-05 23:00;2024-10-06 01:00;DK2;12,000000;0,000000;89,494800;12,000000;44,747400;6,000000
2024-10-05 22:00;2024-10-06 00:00;DK2;22,000000;3,000000;104,112284;13,960000;749,817266;100,540000
2024-10-05 21:00;2024-10-05 23:00;DK2;22,000000;3,000000;104,112284;13,960000;749,966424;100,560000
2024-10-05 20:00;2024-10-05 22:00;DK2;22,000000;3,000000;104,410600;14,000000;749,966424;100,560000
2024-10-05 19:00;2024-10-05 21:00;DK2;22,000000;0,000000;100,010439;13,410000;96,952700;13,000000
2024-10-05 18:00;2024-10-05 20:00;DK2;12,000000;0,000000;89,494800;12,000000;96,952700;13,000000
2024-10-05 17:00;2024-10-05 19:00;DK2;12,000000;0,000000;93,223750;12,500000;119,326400;16,000000
2024-10-05 16:00;2024-10-05 18:00;DK2;12,000000;0,000000;93,223750;12,500000;141,178047;18,930000
2024-10-05 15:00;2024-10-05 17:00;DK2;12,000000;0,000000;89,494800;12,000000;96,952700;13,000000
2024-10-05 14:00;2024-10-05 16:00;DK2;12,000000;0,000000;89,494800;12,000000;100,681650;13,500000
2024-10-05 13:00;2024-10-05 15:00;DK2;17,000000;3,000000;104,410600;14,000000;499,977616;67,040000
2024-10-05 12:00;2024-10-05 14:00;DK2;17,000000;3,000000;104,410600;14,000000;499,977616;67,040000
2024-10-05 11:00;2024-10-05 13:00;DK2;17,000000;3,000000;104,410600;14,000000;499,977616;67,040000
2024-10-05 10:00;2024-10-05 12:00;DK2;12,000000;0,000000;89,494800;12,000000;89,494800;12,000000
2024-10-05 09:00;2024-10-05 11:00;DK2;12,000000;3,000000;74,579000;10,000000;499,977616;67,040000
2024-10-05 08:00;2024-10-05 10:00;DK2;12,000000;3,000000;74,579000;10,000000;499,977616;67,040000
2024-10-05 07:00;2024-10-05 09:00;DK2;12,000000;0,000000;90,762643;12,170000;96,952700;13,000000
2024-10-05 06:00;2024-10-05 08:00;DK2;12,000000;0,000000;90,762643;12,170000;111,868500;15,000000
2024-10-05 05:00;2024-10-05 07:00;DK2;12,000000;0,000000;74,579000;10,000000;111,868500;15,000000
2024-10-05 04:00;2024-10-05 06:00;DK2;22,000000;0,000000;111,868500;15,000000;89,494800;12,000000
2024-10-05 03:00;2024-10-05 05:00;DK2;22,000000;0,000000;100,010439;13,410000;78,307950;10,500000
2024-10-05 02:00;2024-10-05 04:00;DK2;12,000000;0,000000;76,518054;10,260000;70,850050;9,500000
2024-10-05 01:00;2024-10-05 03:00;DK2;12,000000;0,000000;83,379322;11,180000;59,663200;8,000000
2024-10-05 00:00;2024-10-05 02:00;DK2;12,000000;0,000000;83,379322;11,180000;63,392150;8,500000
2024-10-04 23:00;2024-10-05 01:00;DK2;12,000000;0,000000;89,494800;12,000000;67,121100;9,000000
2024-10-04 22:00;2024-10-05 00:00;DK2;22,000000;0,000000;104,112284;13,960000;89,494800;12,000000
2024-10-04 21:00;2024-10-04 23:00;DK2;38,000000;0,000000;178,989600;24,000000;96,952700;13,000000
2024-10-04 20:00;2024-10-04 22:00;DK2;13,000000;0,000000;74,579000;10,000000;100,681650;13,500000
2024-10-04 19:00;2024-10-04 21:00;DK2;23,000000;0,000000;104,410600;14,000000;122,085823;16,370000
2024-10-04 18:00;2024-10-04 20:00;DK2;13,000000;0,000000;74,579000;10,000000;96,952700;13,000000
2024-10-04 17:00;2024-10-04 19:00;DK2;13,000000;0,000000;89,494800;12,000000;149,158000;20,000000
2024-10-04 16:00;2024-10-04 18:00;DK2;13,000000;0,000000;89,494800;12,000000;149,158000;20,000000
2024-10-04 15:00;2024-10-04 17:00;DK2;13,000000;0,000000;74,579000;10,000000;82,708111;11,090000
2024-10-04 14:00;2024-10-04 16:00;DK2;13,000000;0,000000;74,579000;10,000000;78,307950;10,500000
2024-10-04 13:00;2024-10-04 15:00;DK2;13,000000;0,000000;74,579000;10,000000;82,036900;11,000000
2024-10-04 12:00;2024-10-04 14:00;DK2;13,000000;0,000000;89,494800;12,000000;85,765850;11,500000
2024-10-04 11:00;2024-10-04 13:00;DK2;23,000000;0,000000;100,010439;13,410000;85,765850;11,500000
2024-10-04 10:00;2024-10-04 12:00;DK2;13,000000;0,000000;74,579000;10,000000;85,765850;11,500000
2024-10-04 09:00;2024-10-04 11:00;DK2;13,000000;0,000000;82,036900;11,000000;111,868500;15,000000
2024-10-04 08:00;2024-10-04 10:00;DK2;13,000000;0,000000;74,579000;10,000000;96,952700;13,000000
2024-10-04 07:00;2024-10-04 09:00;DK2;13,000000;0,000000;74,579000;10,000000;111,868500;15,000000
2024-10-04 06:00;2024-10-04 08:00;DK2;23,000000;0,000000;111,868500;15,000000;275,942300;37,000000
2024-10-04 05:00;2024-10-04 07:00;DK2;23,000000;0,000000;145,429050;19,500000;234,923850;31,500000
2024-10-04 04:00;2024-10-04 06:00;DK2;18,000000;0,000000;96,057752;12,880000;111,868500;15,000000
2024-10-04 03:00;2024-10-04 05:00;DK2;38,000000;0,000000;164,073800;22,000000;108,139550;14,500000
2024-10-04 02:00;2024-10-04 04:00;DK2;13,000000;0,000000;89,494800;12,000000;79,948688;10,720000
2024-10-04 01:00;2024-10-04 03:00;DK2;13,000000;0,000000;89,494800;12,000000;74,579000;10,000000
2024-10-04 00:00;2024-10-04 02:00;DK2;13,000000;0,000000;89,494800;12,000000;74,579000;10,000000
2024-10-03 23:00;2024-10-04 01:00;DK2;13,000000;0,000000;89,494800;12,000000;79,948688;10,720000
2024-10-03 22:00;2024-10-04 00:00;DK2;23,000000;0,000000;104,410600;14,000000;96,952700;13,000000
2024-10-03 21:00;2024-10-03 23:00;DK2;10,000000;0,000000;179,028000;24,000000;96,973500;13,000000
2024-10-03 20:00;2024-10-03 22:00;DK2;10,000000;0,000000;134,271000;18,000000;96,973500;13,000000
2024-10-03 19:00;2024-10-03 21:00;DK2;10,000000;0,000000;134,271000;18,000000;115,622250;15,500000
2024-10-03 18:00;2024-10-03 20:00;DK2;10,000000;0,000000;96,973500;13,000000;140,089410;18,780000
2024-10-03 17:00;2024-10-03 19:00;DK2;10,000000;0,000000;111,892500;15,000000;152,919750;20,500000
2024-10-03 16:00;2024-10-03 18:00;DK2;10,000000;0,000000;96,973500;13,000000;152,919750;20,500000
2024-10-03 15:00;2024-10-03 17:00;DK2;5,000000;0,000000;85,784250;11,500000;111,892500;15,000000
2024-10-03 14:00;2024-10-03 16:00;DK2;5,000000;0,000000;82,054500;11,000000;96,973500;13,000000
2024-10-03 13:00;2024-10-03 15:00;DK2;5,000000;0,000000;82,054500;11,000000;96,973500;13,000000
2024-10-03 12:00;2024-10-03 14:00;DK2;5,000000;0,000000;89,514000;12,000000;96,973500;13,000000
2024-10-03 11:00;2024-10-03 13:00;DK2;5,000000;0,000000;85,784250;11,500000;96,973500;13,000000
2024-10-03 10:00;2024-10-03 12:00;DK2;5,000000;0,000000;82,054500;11,000000;104,433000;14,000000
2024-10-03 09:00;2024-10-03 11:00;DK2;5,000000;0,000000;79,965840;10,720000;111,892500;15,000000
2024-10-03 08:00;2024-10-03 10:00;DK2;5,000000;0,000000;82,054500;11,000000;111,892500;15,000000
2024-10-03 07:00;2024-10-03 09:00;DK2;5,000000;0,000000;86,231820;11,560000;134,271000;18,000000
2024-10-03 06:00;2024-10-03 08:00;DK2;10,000000;0,000000;122,112015;16,370000;223,785000;30,000000
2024-10-03 05:00;2024-10-03 07:00;DK2;10,000000;0,000000;122,112015;16,370000;246,163500;33,000000
2024-10-03 04:00;2024-10-03 06:00;DK2;10,000000;0,000000;108,461130;14,540000;156,649500;21,000000
2024-10-03 03:00;2024-10-03 05:00;DK2;10,000000;0,000000;134,271000;18,000000;115,622250;15,500000
2024-10-03 02:00;2024-10-03 04:00;DK2;5,000000;0,000000;82,054500;11,000000;82,054500;11,000000
2024-10-03 01:00;2024-10-03 03:00;DK2;5,000000;0,000000;82,054500;11,000000;74,595000;10,000000
2024-10-03 00:00;2024-10-03 02:00;DK2;5,000000;0,000000;82,054500;11,000000;74,595000;10,000000
2024-10-02 23:00;2024-10-03 01:00;DK2;5,000000;0,000000;85,784250;11,500000;74,595000;10,000000
2024-10-02 22:00;2024-10-03 00:00;DK2;10,000000;0,000000;111,892500;15,000000;96,973500;13,000000
