HourUTC;HourDK;PriceArea;SpotPriceDKK;SpotPriceEUR
2024-11-06 22:00;2024-11-06 23:00;DK2;713,190002;95,620003
2024-11-06 21:00;2024-11-06 22:00;DK2;841,619995;112,839996
2024-11-06 20:00;2024-11-06 21:00;DK2;960,590027;128,789993
2024-11-06 19:00;2024-11-06 20:00;DK2;1197,400024;160,539993
2024-11-06 18:00;2024-11-06 19:00;DK2;1835,619995;246,110001
2024-11-06 17:00;2024-11-06 18:00;DK2;2495,709961;334,609985
2024-11-06 16:00;2024-11-06 17:00;DK2;4096,759766;549,270020
2024-11-06 15:00;2024-11-06 16:00;DK2;2241,070068;300,470001
2024-11-06 14:00;2024-11-06 15:00;DK2;1430,479980;191,789993
2024-11-06 13:00;2024-11-06 14:00;DK2;1039,130005;139,320007
2024-11-06 12:00;2024-11-06 13:00;DK2;936,270020;125,529999
2024-11-06 11:00;2024-11-06 12:00;DK2;918,450012;123,139999
2024-11-06 10:00;2024-11-06 11:00;DK2;918,299988;123,120003
2024-11-06 09:00;2024-11-06 10:00;DK2;995,049988;133,410004
2024-11-06 08:00;2024-11-06 09:00;DK2;1064,630005;142,740005
2024-11-06 07:00;2024-11-06 08:00;DK2;1465,310059;196,460007
2024-11-06 06:00;2024-11-06 07:00;DK2;1620,369995;217,250000
2024-11-06 05:00;2024-11-06 06:00;DK2;901,510010;120,870003
2024-11-06 04:00;2024-11-06 05:00;DK2;692,080017;92,790001
2024-11-06 03:00;2024-11-06 04:00;DK2;717,059998;96,139999
2024-11-06 02:00;2024-11-06 03:00;DK2;714,599976;95,809998
2024-11-06 01:00;2024-11-06 02:00;DK2;711,400024;95,379997
2024-11-06 00:00;2024-11-06 01:00;DK2;738,619995;99,029999
2024-11-05 23:00;2024-11-06 00:00;DK2;744,359985;99,800003
2024-11-05 22:00;2024-11-05 23:00;DK2;759,549988;101,849998
2024-11-05 21:00;2024-11-05 22:00;DK2;878,200012;117,760002
2024-11-05 20:00;2024-11-05 21:00;DK2;968,590027;129,880005
2024-11-05 19:00;2024-11-05 20:00;DK2;1265,400024;169,679993
2024-11-05 18:00;2024-11-05 19:00;DK2;2387,459961;320,140015
2024-11-05 17:00;2024-11-05 18:00;DK2;3213,979980;430,970001
2024-11-05 16:00;2024-11-05 17:00;DK2;3526,889893;472,929993
2024-11-05 15:00;2024-11-05 16:00;DK2;2474,260010;331,779999
2024-11-05 14:00;2024-11-05 15:00;DK2;1163,079956;155,960007
2024-11-05 13:00;2024-11-05 14:00;DK2;823,159973;110,379997
2024-11-05 12:00;2024-11-05 13:00;DK2;740,309998;99,269997
2024-11-05 11:00;2024-11-05 12:00;DK2;708,090027;94,949997
2024-11-05 10:00;2024-11-05 11:00;DK2;710,780029;95,309998
2024-11-05 09:00;2024-11-05 10:00;DK2;789,750000;105,900002
2024-11-05 08:00;2024-11-05 09:00;DK2;882,000000;118,269997
2024-11-05 07:00;2024-11-05 08:00;DK2;1016,239990;136,270004
2024-11-05 06:00;2024-11-05 07:00;DK2;1026,829956;137,690002
2024-11-05 05:00;2024-11-05 06:00;DK2;790,570007;106,010002
2024-11-05 04:00;2024-11-05 05:00;DK2;716,669983;96,099998
2024-11-05 03:00;2024-11-05 04:00;DK2;701,010010;94,000000
2024-11-05 02:00;2024-11-05 03:00;DK2;680,869995;91,300003
2024-11-05 01:00;2024-11-05 02:00;DK2;676,320007;90,690002
2024-11-05 00:00;2024-11-05 01:00;DK2;701,010010;94,000000
2024-11-04 23:00;2024-11-05 00:00;DK2;623,750000;83,639999
2024-11-04 22:00;2024-11-04 23:00;DK2;691,599976;92,739998
2024-11-04 21:00;2024-11-04 22:00;DK2;783,179993;105,019997
2024-11-04 20:00;2024-11-04 21:00;DK2;821,289978;110,129997
2024-11-04 19:00;2024-11-04 20:00;DK2;917,340027;123,010002
2024-11-04 18:00;2024-11-04 19:00;DK2;1208,920044;162,110001
2024-11-04 17:00;2024-11-04 18:00;DK2;1798,280029;241,139999
2024-11-04 16:00;2024-11-04 17:00;DK2;2059,739990;276,200012
2024-11-04 15:00;2024-11-04 16:00;DK2;1337,339966;179,330002
2024-11-04 14:00;2024-11-04 15:00;DK2;972,969971;130,470001
2024-11-04 13:00;2024-11-04 14:00;DK2;769,679993;103,209999
2024-11-04 12:00;2024-11-04 13:00;DK2;734,630005;98,510002
2024-11-04 11:00;2024-11-04 12:00;DK2;709,950012;95,199997
2024-11-04 10:00;2024-11-04 11:00;DK2;724,559998;97,160004
2024-11-04 09:00;2024-11-04 10:00;DK2;749,770020;100,540001
2024-11-04 08:00;2024-11-04 09:00;DK2;896,010010;120,150002
2024-11-04 07:00;2024-11-04 08:00;DK2;1025,170044;137,470001
2024-11-04 06:00;2024-11-04 07:00;DK2;1080,800049;144,929993
2024-11-04 05:00;2024-11-04 06:00;DK2;931,210022;124,870003
2024-11-04 04:00;2024-11-04 05:00;DK2;734,630005;98,510002
2024-11-04 03:00;2024-11-04 04:00;DK2;676,979980;90,779999
2024-11-04 02:00;2024-11-04 03:00;DK2;669,969971;89,839996
2024-11-04 01:00;2024-11-04 02:00;DK2;671,619995;90,059998
2024-11-04 00:00;2024-11-04 01:00;DK2;670,869995;89,959999
2024-11-03 23:00;2024-11-04 00:00;DK2;686,309998;92,029999
2024-11-03 22:00;2024-11-03 23:00;DK2;689,070007;92,400002
2024-11-03 21:00;2024-11-03 22:00;DK2;395,989990;53,099998
2024-11-03 20:00;2024-11-03 21:00;DK2;292,480011;39,220001
2024-11-03 19:00;2024-11-03 20:00;DK2;277,420013;37,200001
2024-11-03 18:00;2024-11-03 19:00;DK2;531,559998;71,279999
2024-11-03 17:00;2024-11-03 18:00;DK2;718,669983;96,370003
2024-11-03 16:00;2024-11-03 17:00;DK2;721,359985;96,730003
2024-11-03 15:00;2024-11-03 16:00;DK2;505,760010;67,820000
2024-11-03 14:00;2024-11-03 15:00;DK2;238,639999;32,000000
2024-11-03 13:00;2024-11-03 14:00;DK2;156,899994;21,040001
2024-11-03 12:00;2024-11-03 13:00;DK2;126,629997;16,980000
2024-11-03 11:00;2024-11-03 12:00;DK2;234,690002;31,469999
2024-11-03 10:00;2024-11-03 11:00;DK2;237,589996;31,860001
2024-11-03 09:00;2024-11-03 10:00;DK2;249,529999;33,459999
2024-11-03 08:00;2024-11-03 09:00;DK2;290,089996;38,900002
2024-11-03 07:00;2024-11-03 08:00;DK2;298,450012;40,020000
2024-11-03 06:00;2024-11-03 07:00;DK2;341,029999;45,730000
2024-11-03 05:00;2024-11-03 06:00;DK2;417,170013;55,939999
2024-11-03 04:00;2024-11-03 05:00;DK2;476,529999;63,900002
2024-11-03 03:00;2024-11-03 04:00;DK2;570,270020;76,470001
2024-11-03 02:00;2024-11-03 03:00;DK2;634,479980;85,080002
2024-11-03 01:00;2024-11-03 02:00;DK2;660,580017;88,580002
2024-11-03 00:00;2024-11-03 01:00;DK2;718,070007;96,290001
2024-11-02 23:00;2024-11-03 00:00;DK2;754,619995;101,190002
2024-11-02 22:00;2024-11-02 23:00;DK2;750,179993;100,610001
2024-11-02 21:00;2024-11-02 22:00;DK2;792,460022;106,279999
2024-11-02 20:00;2024-11-02 21:00;DK2;829,590027;111,260002
2024-11-02 19:00;2024-11-02 20:00;DK2;915,489990;122,779999
2024-11-02 18:00;2024-11-02 19:00;DK2;1006,080017;134,929993
2024-11-02 17:00;2024-11-02 18:00;DK2;1117,699951;149,899994
2024-11-02 16:00;2024-11-02 17:00;DK2;1182,199951;158,550003
2024-11-02 15:00;2024-11-02 16:00;DK2;1025,839966;137,580002
2024-11-02 14:00;2024-11-02 15:00;DK2;911,690002;122,269997
2024-11-02 13:00;2024-11-02 14:00;DK2;770,979980;103,400002
2024-11-02 12:00;2024-11-02 13:00;DK2;682,179993;91,489998
2024-11-02 11:00;2024-11-02 12:00;DK2;661,080017;88,660004
2024-11-02 10:00;2024-11-02 11:00;DK2;704,030029;94,419998
2024-11-02 09:00;2024-11-02 10:00;DK2;679,869995;91,180000
2024-11-02 08:00;2024-11-02 09:00;DK2;817,440002;109,629997
2024-11-02 07:00;2024-11-02 08:00;DK2;754,210022;101,150002
2024-11-02 06:00;2024-11-02 07:00;DK2;746,450012;100,110001
2024-11-02 05:00;2024-11-02 06:00;DK2;719,539978;96,500000
2024-11-02 04:00;2024-11-02 05:00;DK2;676,739990;90,760002
2024-11-02 03:00;2024-11-02 04:00;DK2;647,580017;86,849998
2024-11-02 02:00;2024-11-02 03:00;DK2;641,239990;86,000000
2024-11-02 01:00;2024-11-02 02:00;DK2;661,820007;88,760002
2024-11-02 00:00;2024-11-02 01:00;DK2;595,840027;79,910004
2024-11-01 23:00;2024-11-02 00:00;DK2;461,850006;61,939999
2024-11-01 22:00;2024-11-01 23:00;DK2;183,360001;24,580000
2024-11-01 21:00;2024-11-01 22:00;DK2;149,190002;20,000000
2024-11-01 20:00;2024-11-01 21:00;DK2;113,760002;15,250000
2024-11-01 19:00;2024-11-01 20:00;DK2;108,540001;14,550000
2024-11-01 18:00;2024-11-01 19:00;DK2;98,320000;13,180000
2024-11-01 17:00;2024-11-01 18:00;DK2;149,039993;19,980000
2024-11-01 16:00;2024-11-01 17:00;DK2;103,169998;13,830000
2024-11-01 15:00;2024-11-01 16:00;DK2;77,279999;10,360000
2024-11-01 14:00;2024-11-01 15:00;DK2;24,540001;3,290000
2024-11-01 13:00;2024-11-01 14:00;DK2;24,389999;3,270000
2024-11-01 12:00;2024-11-01 13:00;DK2;24,170000;3,240000
2024-11-01 11:00;2024-11-01 12:00;DK2;24,020000;3,220000
2024-11-01 10:00;2024-11-01 11:00;DK2;23,500000;3,150000
2024-11-01 09:00;2024-11-01 10:00;DK2;24,240000;3,250000
2024-11-01 08:00;2024-11-01 09:00;DK2;24,990000;3,350000
2024-11-01 07:00;2024-11-01 08:00;DK2;32,669998;4,380000
2024-11-01 06:00;2024-11-01 07:00;DK2;29,910000;4,010000
2024-11-01 05:00;2024-11-01 06:00;DK2;24,090000;3,230000
2024-11-01 04:00;2024-11-01 05:00;DK2;12,760000;1,710000
2024-11-01 03:00;2024-11-01 04:00;DK2;11,340000;1,520000
2024-11-01 02:00;2024-11-01 03:00;DK2;11,640000;1,560000
2024-11-01 01:00;2024-11-01 02:00;DK2;13,050000;1,750000
2024-11-01 00:00;2024-11-01 01:00;DK2;16,260000;2,180000
2024-10-31 23:00;2024-11-01 00:00;DK2;24,170000;3,240000
2024-10-31 22:00;2024-10-31 23:00;DK2;29,469999;3,950000
2024-10-31 21:00;2024-10-31 22:00;DK2;52,750000;7,070000
2024-10-31 20:00;2024-10-31 21:00;DK2;65,730003;8,810000
2024-10-31 19:00;2024-10-31 20:00;DK2;93,190002;12,490000
2024-10-31 18:00;2024-10-31 19:00;DK2;108,860001;14,590000
2024-10-31 17:00;2024-10-31 18:00;DK2;124,750000;16,719999
2024-10-31 16:00;2024-10-31 17:00;DK2;142,729996;19,129999
2024-10-31 15:00;2024-10-31 16:00;DK2;116,320000;15,590000
2024-10-31 14:00;2024-10-31 15:00;DK2;115,790001;15,520000
2024-10-31 13:00;2024-10-31 14:00;DK2;118,410004;15,870000
2024-10-31 12:00;2024-10-31 13:00;DK2;118,779999;15,920000
2024-10-31 11:00;2024-10-31 12:00;DK2;92,589996;12,410000
2024-10-31 10:00;2024-10-31 11:00;DK2;109,900002;14,730000
2024-10-31 09:00;2024-10-31 10:00;DK2;155,110001;20,790001
2024-10-31 08:00;2024-10-31 09:00;DK2;300,750000;40,310001
2024-10-31 07:00;2024-10-31 08:00;DK2;646,340027;86,629997
2024-10-31 06:00;2024-10-31 07:00;DK2;739,229980;99,080002
2024-10-31 05:00;2024-10-31 06:00;DK2;655,890015;87,910004
2024-10-31 04:00;2024-10-31 05:00;DK2;636,049988;85,250000
2024-10-31 03:00;2024-10-31 04:00;DK2;658,049988;88,199997
2024-10-31 02:00;2024-10-31 03:00;DK2;707,369995;94,809998
2024-10-31 01:00;2024-10-31 02:00;DK2;720,580017;96,580002
2024-10-31 00:00;2024-10-31 01:00;DK2;734,979980;98,510002
2024-10-30 23:00;2024-10-31 00:00;DK2;743,929993;99,709999
2024-10-30 22:00;2024-10-30 23:00;DK2;744,630005;99,839996
2024-10-30 21:00;2024-10-30 22:00;DK2;810,340027;108,650002
2024-10-30 20:00;2024-10-30 21:00;DK2;773,419983;103,699997
2024-10-30 19:00;2024-10-30 20:00;DK2;816,460022;109,470001
2024-10-30 18:00;2024-10-30 19:00;DK2;1189,000000;159,419998
2024-10-30 17:00;2024-10-30 18:00;DK2;1438,479980;192,869995
2024-10-30 16:00;2024-10-30 17:00;DK2;1366,500000;183,220001
2024-10-30 15:00;2024-10-30 16:00;DK2;1061,760010;142,360001
2024-10-30 14:00;2024-10-30 15:00;DK2;743,890015;99,739998
2024-10-30 13:00;2024-10-30 14:00;DK2;632,830017;84,849998
2024-10-30 12:00;2024-10-30 13:00;DK2;388,500000;52,090000
2024-10-30 11:00;2024-10-30 12:00;DK2;366,200012;49,099998
2024-10-30 10:00;2024-10-30 11:00;DK2;441,309998;59,169998
2024-10-30 09:00;2024-10-30 10:00;DK2;469,130005;62,900002
2024-10-30 08:00;2024-10-30 09:00;DK2;728,599976;97,690002
2024-10-30 07:00;2024-10-30 08:00;DK2;773,349976;103,690002
2024-10-30 06:00;2024-10-30 07:00;DK2;743,440002;99,680000
2024-10-30 05:00;2024-10-30 06:00;DK2;542,809998;72,779999
2024-10-30 04:00;2024-10-30 05:00;DK2;494,630005;66,320000
2024-10-30 03:00;2024-10-30 04:00;DK2;478,000000;64,089996
2024-10-30 02:00;2024-10-30 03:00;DK2;500,600006;67,120003
2024-10-30 01:00;2024-10-30 02:00;DK2;645,960022;86,610001
2024-10-30 00:00;2024-10-30 01:00;DK2;735,460022;98,610001
2024-10-29 23:00;2024-10-30 00:00;DK2;743,809998;99,730003
2024-10-29 22:00;2024-10-29 23:00;DK2;768,880005;103,089996
2024-10-29 21:00;2024-10-29 22:00;DK2;866,500000;116,180000
2024-10-29 20:00;2024-10-29 21:00;DK2;915,510010;122,750000
2024-10-29 19:00;2024-10-29 20:00;DK2;1048,640015;140,600006
2024-10-29 18:00;2024-10-29 19:00;DK2;1520,150024;203,820007
2024-10-29 17:00;2024-10-29 18:00;DK2;1920,060059;257,440002
2024-10-29 16:00;2024-10-29 17:00;DK2;2131,580078;285,799988
2024-10-29 15:00;2024-10-29 16:00;DK2;1586,530029;212,720001
2024-10-29 14:00;2024-10-29 15:00;DK2;1284,770020;172,259995
2024-10-29 13:00;2024-10-29 14:00;DK2;1013,880005;135,940002
2024-10-29 12:00;2024-10-29 13:00;DK2;878,059998;117,730003
2024-10-29 11:00;2024-10-29 12:00;DK2;786,479980;105,449997
2024-10-29 10:00;2024-10-29 11:00;DK2;842,559998;112,970001
2024-10-29 09:00;2024-10-29 10:00;DK2;900,219971;120,699997
2024-10-29 08:00;2024-10-29 09:00;DK2;967,270020;129,690002
2024-10-29 07:00;2024-10-29 08:00;DK2;1128,589966;151,320007
2024-10-29 06:00;2024-10-29 07:00;DK2;1176,400024;157,729996
2024-10-29 05:00;2024-10-29 06:00;DK2;950,039978;127,379997
2024-10-29 04:00;2024-10-29 05:00;DK2;843,530029;113,099998
2024-10-29 03:00;2024-10-29 04:00;DK2;745,979980;100,019997
2024-10-29 02:00;2024-10-29 03:00;DK2;732,179993;98,169998
2024-10-29 01:00;2024-10-29 02:00;DK2;737,099976;98,830002
2024-10-29 00:00;2024-10-29 01:00;DK2;746,130005;100,040001
2024-10-28 23:00;2024-10-29 00:00;DK2;755,820007;101,339996
2024-10-28 22:00;2024-10-28 23:00;DK2;764,150024;102,410004
2024-10-28 21:00;2024-10-28 22:00;DK2;820,489990;109,959999
2024-10-28 20:00;2024-10-28 21:00;DK2;862,489990;115,589996
2024-10-28 19:00;2024-10-28 20:00;DK2;926,659973;124,190002
2024-10-28 18:00;2024-10-28 19:00;DK2;1090,300049;146,119995
2024-10-28 17:00;2024-10-28 18:00;DK2;1110,300049;148,800003
2024-10-28 16:00;2024-10-28 17:00;DK2;1052,920044;141,110001
2024-10-28 15:00;2024-10-28 16:00;DK2;926,739990;124,199997
2024-10-28 14:00;2024-10-28 15:00;DK2;905,549988;121,360001
2024-10-28 13:00;2024-10-28 14:00;DK2;850,109985;113,930000
2024-10-28 12:00;2024-10-28 13:00;DK2;756,090027;101,330002
2024-10-28 11:00;2024-10-28 12:00;DK2;708,340027;94,930000
2024-10-28 10:00;2024-10-28 11:00;DK2;733,559998;98,309998
2024-10-28 09:00;2024-10-28 10:00;DK2;728,330017;97,610001
2024-10-28 08:00;2024-10-28 09:00;DK2;866,900024;116,180000
2024-10-28 07:00;2024-10-28 08:00;DK2;950,469971;127,379997
2024-10-28 06:00;2024-10-28 07:00;DK2;970,090027;130,009995
2024-10-28 05:00;2024-10-28 06:00;DK2;738,030029;98,910004
2024-10-28 04:00;2024-10-28 05:00;DK2;702,289978;94,120003
2024-10-28 03:00;2024-10-28 04:00;DK2;596,109985;79,889999
2024-10-28 02:00;2024-10-28 03:00;DK2;592,460022;79,400002
2024-10-28 01:00;2024-10-28 02:00;DK2;627,820007;84,139999
2024-10-28 00:00;2024-10-28 01:00;DK2;666,919983;89,379997
2024-10-27 23:00;2024-10-28 00:00;DK2;713,340027;95,599998
2024-10-27 22:00;2024-10-27 23:00;DK2;651,109985;87,260002
2024-10-27 21:00;2024-10-27 22:00;DK2;820,489990;109,959999
2024-10-27 20:00;2024-10-27 21:00;DK2;831,159973;111,389999
2024-10-27 19:00;2024-10-27 20:00;DK2;881,299988;118,110001
2024-10-27 18:00;2024-10-27 19:00;DK2;973,520020;130,470001
2024-10-27 17:00;2024-10-27 18:00;DK2;1087,239990;145,710007
2024-10-27 16:00;2024-10-27 17:00;DK2;1106,569946;148,300003
2024-10-27 15:00;2024-10-27 16:00;DK2;878,979980;117,800003
2024-10-27 14:00;2024-10-27 15:00;DK2;753,109985;100,930000
2024-10-27 13:00;2024-10-27 14:00;DK2;480,010010;64,330002
2024-10-27 12:00;2024-10-27 13:00;DK2;298,470001;40,000000
2024-10-27 11:00;2024-10-27 12:00;DK2;298,390015;39,990002
2024-10-27 10:00;2024-10-27 11:00;DK2;317,119995;42,500000
2024-10-27 09:00;2024-10-27 10:00;DK2;408,299988;54,720001
2024-10-27 08:00;2024-10-27 09:00;DK2;496,049988;66,480003
2024-10-27 07:00;2024-10-27 08:00;DK2;629,320007;84,339996
2024-10-27 06:00;2024-10-27 07:00;DK2;657,000000;88,050003
2024-10-27 05:00;2024-10-27 06:00;DK2;665,659973;89,209999
2024-10-27 04:00;2024-10-27 05:00;DK2;635,289978;85,139999
2024-10-27 03:00;2024-10-27 04:00;DK2;587,900024;78,790001
2024-10-27 02:00;2024-10-27 03:00;DK2;592,530029;79,410004
2024-10-27 01:00;2024-10-27 02:00;DK2;600,140015;80,430000
2024-10-27 00:00;2024-10-27 02:00;DK2;613,570007;82,230003
2024-10-26 23:00;2024-10-27 01:00;DK2;626,780029;84,000000
2024-10-26 22:00;2024-10-27 00:00;DK2;688,119995;92,220001
2024-10-26 21:00;2024-10-26 23:00;DK2;571,719971;76,629997
2024-10-26 20:00;2024-10-26 22:00;DK2;652,820007;87,500000
2024-10-26 19:00;2024-10-26 21:00;DK2;662,219971;88,760002
2024-10-26 18:00;2024-10-26 20:00;DK2;719,809998;96,480003
2024-10-26 17:00;2024-10-26 19:00;DK2;885,890015;118,739998
2024-10-26 16:00;2024-10-26 18:00;DK2;1125,829956;150,899994
2024-10-26 15:00;2024-10-26 17:00;DK2;938,039978;125,730003
2024-10-26 14:00;2024-10-26 16:00;DK2;750,549988;100,599998
2024-10-26 13:00;2024-10-26 15:00;DK2;607,599976;81,440002
2024-10-26 12:00;2024-10-26 14:00;DK2;481,589996;64,550003
2024-10-26 11:00;2024-10-26 13:00;DK2;472,269989;63,299999
2024-10-26 10:00;2024-10-26 12:00;DK2;509,940002;68,349998
2024-10-26 09:00;2024-10-26 11:00;DK2;607,900024;81,480003
2024-10-26 08:00;2024-10-26 10:00;DK2;756,450012;101,389999
2024-10-26 07:00;2024-10-26 09:00;DK2;877,159973;117,570000
2024-10-26 06:00;2024-10-26 08:00;DK2;940,059998;126,000000
2024-10-26 05:00;2024-10-26 07:00;DK2;937,890015;125,709999
2024-10-26 04:00;2024-10-26 06:00;DK2;850,000000;113,930000
2024-10-26 03:00;2024-10-26 05:00;DK2;796,960022;106,820000
2024-10-26 02:00;2024-10-26 04:00;DK2;788,599976;105,699997
2024-10-26 01:00;2024-10-26 03:00;DK2;804,200012;107,790001
2024-10-26 00:00;2024-10-26 02:00;DK2;797,929993;106,949997
2024-10-25 23:00;2024-10-26 01:00;DK2;818,000000;109,639999
2024-10-25 22:00;2024-10-26 00:00;DK2;860,150024;115,290001
2024-10-25 21:00;2024-10-25 23:00;DK2;801,210022;107,400002
2024-10-25 20:00;2024-10-25 22:00;DK2;850,150024;113,959999
2024-10-25 19:00;2024-10-25 21:00;DK2;867,530029;116,290001
2024-10-25 18:00;2024-10-25 20:00;DK2;924,010010;123,860001
2024-10-25 17:00;2024-10-25 19:00;DK2;1379,000000;184,850006
2024-10-25 16:00;2024-10-25 18:00;DK2;1695,829956;227,320007
2024-10-25 15:00;2024-10-25 17:00;DK2;1184,140015;158,729996
2024-10-25 14:00;2024-10-25 16:00;DK2;880,510010;118,029999
2024-10-25 13:00;2024-10-25 15:00;DK2;741,010010;99,330002
2024-10-25 12:00;2024-10-25 14:00;DK2;615,229980;82,470001
2024-10-25 11:00;2024-10-25 13:00;DK2;583,229980;78,180000
2024-10-25 10:00;2024-10-25 12:00;DK2;604,859985;81,080002
2024-10-25 09:00;2024-10-25 11:00;DK2;700,500000;93,900002
2024-10-25 08:00;2024-10-25 10:00;DK2;806,809998;108,150002
2024-10-25 07:00;2024-10-25 09:00;DK2;913,340027;122,430000
2024-10-25 06:00;2024-10-25 08:00;DK2;1123,410034;150,589996
2024-10-25 05:00;2024-10-25 07:00;DK2;923,190002;123,750000
2024-10-25 04:00;2024-10-25 06:00;DK2;812,700012;108,940002
2024-10-25 03:00;2024-10-25 05:00;DK2;705,650024;94,589996
2024-10-25 02:00;2024-10-25 04:00;DK2;630,150024;84,470001
2024-10-25 01:00;2024-10-25 03:00;DK2;616,200012;82,599998
2024-10-25 00:00;2024-10-25 02:00;DK2;594,489990;79,690002
2024-10-24 23:00;2024-10-25 01:00;DK2;612,250000;82,070000
2024-10-24 22:00;2024-10-25 00:00;DK2;615,460022;82,500000
2024-10-24 21:00;2024-10-24 23:00;DK2;623,559998;83,610001
2024-10-24 20:00;2024-10-24 22:00;DK2;670,479980;89,900002
2024-10-24 19:00;2024-10-24 21:00;DK2;698,369995;93,639999
2024-10-24 18:00;2024-10-24 20:00;DK2;720,520020;96,610001
2024-10-24 17:00;2024-10-24 19:00;DK2;851,630005;114,190002
2024-10-24 16:00;2024-10-24 18:00;DK2;1034,430054;138,699997
2024-10-24 15:00;2024-10-24 17:00;DK2;921,659973;123,580002
2024-10-24 14:00;2024-10-24 16:00;DK2;866,400024;116,169998
2024-10-24 13:00;2024-10-24 15:00;DK2;713,729980;95,699997
2024-10-24 12:00;2024-10-24 14:00;DK2;607,900024;81,510002
2024-10-24 11:00;2024-10-24 13:00;DK2;590,299988;79,150002
2024-10-24 10:00;2024-10-24 12:00;DK2;626,169983;83,959999
2024-10-24 09:00;2024-10-24 11:00;DK2;693,969971;93,050003
2024-10-24 08:00;2024-10-24 10:00;DK2;760,049988;101,910004
2024-10-24 07:00;2024-10-24 09:00;DK2;874,820007;117,300003
2024-10-24 06:00;2024-10-24 08:00;DK2;1233,479980;165,389999
2024-10-24 05:00;2024-10-24 07:00;DK2;1057,989990;141,860001
2024-10-24 04:00;2024-10-24 06:00;DK2;748,409973;100,349998
2024-10-24 03:00;2024-10-24 05:00;DK2;597,909973;80,169998
2024-10-24 02:00;2024-10-24 04:00;DK2;532,200012;71,360001
2024-10-24 01:00;2024-10-24 03:00;DK2;564,349976;75,669998
2024-10-24 00:00;2024-10-24 02:00;DK2;582,469971;78,099998
2024-10-23 23:00;2024-10-24 01:00;DK2;597,460022;80,110001
2024-10-23 22:00;2024-10-24 00:00;DK2;647,059998;86,760002
2024-10-23 21:00;2024-10-23 23:00;DK2;694,739990;93,160004
2024-10-23 20:00;2024-10-23 22:00;DK2;767,599976;102,930000
2024-10-23 19:00;2024-10-23 21:00;DK2;754,849976;101,220001
2024-10-23 18:00;2024-10-23 20:00;DK2;833,080017;111,709999
2024-10-23 17:00;2024-10-23 19:00;DK2;1312,520020;176,000000
2024-10-23 16:00;2024-10-23 18:00;DK2;1479,349976;198,369995
2024-10-23 15:00;2024-10-23 17:00;DK2;1009,669983;135,389999
2024-10-23 14:00;2024-10-23 16:00;DK2;696,229980;93,360001
2024-10-23 13:00;2024-10-23 15:00;DK2;657,830017;88,209999
2024-10-23 12:00;2024-10-23 14:00;DK2;562,450012;75,419998
2024-10-23 11:00;2024-10-23 13:00;DK2;574,750000;77,070000
2024-10-23 10:00;2024-10-23 12:00;DK2;600,929993;80,580002
2024-10-23 09:00;2024-10-23 11:00;DK2;693,700012;93,019997
2024-10-23 08:00;2024-10-23 10:00;DK2;776,330017;104,099998
2024-10-23 07:00;2024-10-23 09:00;DK2;957,690002;128,419998
2024-10-23 06:00;2024-10-23 08:00;DK2;1205,729980;161,679993
2024-10-23 05:00;2024-10-23 07:00;DK2;1025,329956;137,490005
2024-10-23 04:00;2024-10-23 06:00;DK2;780,950012;104,720001
2024-10-23 03:00;2024-10-23 05:00;DK2;675,950012;90,639999
2024-10-23 02:00;2024-10-23 04:00;DK2;639,859985;85,800003
2024-10-23 01:00;2024-10-23 03:00;DK2;620,539978;83,209999
2024-10-23 00:00;2024-10-23 02:00;DK2;611,669983;82,019997
2024-10-22 23:00;2024-10-23 01:00;DK2;620,690002;83,230003
2024-10-22 22:00;2024-10-23 00:00;DK2;561,400024;75,279999
2024-10-22 21:00;2024-10-22 23:00;DK2;658,950012;88,349998
2024-10-22 20:00;2024-10-22 22:00;DK2;713,919983;95,720001
2024-10-22 19:00;2024-10-22 21:00;DK2;697,729980;93,550003
2024-10-22 18:00;2024-10-22 20:00;DK2;850,400024;114,019997
2024-10-22 17:00;2024-10-22 19:00;DK2;1176,560059;157,750000
2024-10-22 16:00;2024-10-22 18:00;DK2;1043,579956;139,919998
2024-10-22 15:00;2024-10-22 17:00;DK2;759,109985;101,779999
2024-10-22 14:00;2024-10-22 16:00;DK2;289,380005;38,799999
2024-10-22 13:00;2024-10-22 15:00;DK2;649,469971;87,080002
2024-10-22 12:00;2024-10-22 14:00;DK2;548,409973;73,529999
2024-10-22 11:00;2024-10-22 13:00;DK2;528,650024;70,879997
2024-10-22 10:00;2024-10-22 12:00;DK2;575,109985;77,110001
2024-10-22 09:00;2024-10-22 11:00;DK2;654,469971;87,750000
2024-10-22 08:00;2024-10-22 10:00;DK2;740,020020;99,220001
2024-10-22 07:00;2024-10-22 09:00;DK2;846,080017;113,440002
2024-10-22 06:00;2024-10-22 08:00;DK2;1268,819946;170,119995
2024-10-22 05:00;2024-10-22 07:00;DK2;1182,300049;158,520004
2024-10-22 04:00;2024-10-22 06:00;DK2;731,960022;98,139999
2024-10-22 03:00;2024-10-22 05:00;DK2;641,419983;86,000000
2024-10-22 02:00;2024-10-22 04:00;DK2;619,190002;83,019997
2024-10-22 01:00;2024-10-22 03:00;DK2;623,520020;83,599998
2024-10-22 00:00;2024-10-22 02:00;DK2;639,109985;85,690002
2024-10-21 23:00;2024-10-22 01:00;DK2;652,760010;87,519997
2024-10-21 22:00;2024-10-22 00:00;DK2;666,929993;89,419998
2024-10-21 21:00;2024-10-21 23:00;DK2;693,419983;92,970001
2024-10-21 20:00;2024-10-21 22:00;DK2;729,440002;97,800003
2024-10-21 19:00;2024-10-21 21:00;DK2;750,320007;100,599998
2024-10-21 18:00;2024-10-21 20:00;DK2;957,969971;128,440002
2024-10-21 17:00;2024-10-21 19:00;DK2;1404,810059;188,350006
2024-10-21 16:00;2024-10-21 18:00;DK2;1582,319946;212,149994
2024-10-21 15:00;2024-10-21 17:00;DK2;969,900024;130,039993
2024-10-21 14:00;2024-10-21 16:00;DK2;670,289978;89,870003
2024-10-21 13:00;2024-10-21 15:00;DK2;434,609985;58,270000
2024-10-21 12:00;2024-10-21 14:00;DK2;168,710007;22,620001
2024-10-21 11:00;2024-10-21 13:00;DK2;209,729996;28,120001
2024-10-21 10:00;2024-10-21 12:00;DK2;188,479996;25,270000
2024-10-21 09:00;2024-10-21 11:00;DK2;208,690002;27,980000
2024-10-21 08:00;2024-10-21 10:00;DK2;215,399994;28,879999
2024-10-21 07:00;2024-10-21 09:00;DK2;240,160004;32,200001
2024-10-21 06:00;2024-10-21 08:00;DK2;292,070007;39,160000
2024-10-21 05:00;2024-10-21 07:00;DK2;301,170013;40,380001
2024-10-21 04:00;2024-10-21 06:00;DK2;32,590000;4,370000
2024-10-21 03:00;2024-10-21 05:00;DK2;24,240000;3,250000
2024-10-21 02:00;2024-10-21 04:00;DK2;-0,300000;-0,040000
2024-10-21 01:00;2024-10-21 03:00;DK2;-0,600000;-0,080000
2024-10-21 00:00;2024-10-21 02:00;DK2;-1,040000;-0,140000
2024-10-20 23:00;2024-10-21 01:00;DK2;-0,750000;-0,100000
2024-10-20 22:00;2024-10-21 00:00;DK2;-0,750000;-0,100000
2024-10-20 21:00;2024-10-20 23:00;DK2;14,390000;1,930000
2024-10-20 20:00;2024-10-20 22:00;DK2;90,620003;12,150000
2024-10-20 19:00;2024-10-20 21:00;DK2;156,259995;20,950001
2024-10-20 18:00;2024-10-20 20:00;DK2;252,919998;33,910000
2024-10-20 17:00;2024-10-20 19:00;DK2;268,950012;36,060001
2024-10-20 16:00;2024-10-20 18:00;DK2;318,250000;42,669998
2024-10-20 15:00;2024-10-20 17:00;DK2;413,570007;55,450001
2024-10-20 14:00;2024-10-20 16:00;DK2;38,040001;5,100000
2024-10-20 13:00;2024-10-20 15:00;DK2;0,000000;0,000000
2024-10-20 12:00;2024-10-20 14:00;DK2;-14,990000;-2,010000
2024-10-20 11:00;2024-10-20 13:00;DK2;-7,310000;-0,980000
2024-10-20 10:00;2024-10-20 12:00;DK2;0,000000;0,000000
2024-10-20 09:00;2024-10-20 11:00;DK2;0,600000;0,080000
2024-10-20 08:00;2024-10-20 10:00;DK2;47,509998;6,370000
2024-10-20 07:00;2024-10-20 09:00;DK2;341,230011;45,750000
2024-10-20 06:00;2024-10-20 08:00;DK2;359,950012;48,259998
2024-10-20 05:00;2024-10-20 07:00;DK2;291,329987;39,060001
2024-10-20 04:00;2024-10-20 06:00;DK2;240,389999;32,230000
2024-10-20 03:00;2024-10-20 05:00;DK2;241,880005;32,430000
2024-10-20 02:00;2024-10-20 04:00;DK2;444,450012;59,590000
2024-10-20 01:00;2024-10-20 03:00;DK2;417,000000;55,910000
2024-10-20 00:00;2024-10-20 02:00;DK2;407,079987;54,580002
2024-10-19 23:00;2024-10-20 01:00;DK2;409,470001;54,900002
2024-10-19 22:00;2024-10-20 00:00;DK2;403,059998;54,040001
2024-10-19 21:00;2024-10-19 23:00;DK2;546,869995;73,330002
2024-10-19 20:00;2024-10-19 22:00;DK2;625,179993;83,830002
2024-10-19 19:00;2024-10-19 21:00;DK2;672,530029;90,180000
2024-10-19 18:00;2024-10-19 20:00;DK2;721,900024;96,800003
2024-10-19 17:00;2024-10-19 19:00;DK2;886,940002;118,930000
2024-10-19 16:00;2024-10-19 18:00;DK2;1012,900024;135,820007
2024-10-19 15:00;2024-10-19 17:00;DK2;813,929993;109,139999
2024-10-19 14:00;2024-10-19 16:00;DK2;731,520020;98,089996
2024-10-19 13:00;2024-10-19 15:00;DK2;589,679993;79,070000
2024-10-19 12:00;2024-10-19 14:00;DK2;476,470001;63,889999
2024-10-19 11:00;2024-10-19 13:00;DK2;454,619995;60,959999
2024-10-19 10:00;2024-10-19 12:00;DK2;493,399994;66,160004
2024-10-19 09:00;2024-10-19 11:00;DK2;546,799988;73,320000
2024-10-19 08:00;2024-10-19 10:00;DK2;587,669983;78,800003
2024-10-19 07:00;2024-10-19 09:00;DK2;630,919983;84,599998
2024-10-19 06:00;2024-10-19 08:00;DK2;668,659973;89,660004
2024-10-19 05:00;2024-10-19 07:00;DK2;685,440002;91,910004
2024-10-19 04:00;2024-10-19 06:00;DK2;596,619995;80,000000
2024-10-19 03:00;2024-10-19 05:00;DK2;572,530029;76,769997
2024-10-19 02:00;2024-10-19 04:00;DK2;565,809998;75,870003
2024-10-19 01:00;2024-10-19 03:00;DK2;561,270020;75,260002
2024-10-19 00:00;2024-10-19 02:00;DK2;595,940002;79,910004
2024-10-18 23:00;2024-10-19 01:00;DK2;619,210022;83,029999
2024-10-18 22:00;2024-10-19 00:00;DK2;649,270020;87,059998
2024-10-18 21:00;2024-10-18 23:00;DK2;638,179993;85,540001
2024-10-18 20:00;2024-10-18 22:00;DK2;695,770020;93,260002
2024-10-18 19:00;2024-10-18 21:00;DK2;722,409973;96,830002
2024-10-18 18:00;2024-10-18 20:00;DK2;770,309998;103,250000
2024-10-18 17:00;2024-10-18 19:00;DK2;1063,729980;142,580002
2024-10-18 16:00;2024-10-18 18:00;DK2;1352,459961;181,279999
2024-10-18 15:00;2024-10-18 17:00;DK2;997,260010;133,669998
2024-10-18 14:00;2024-10-18 16:00;DK2;770,599976;103,290001
2024-10-18 13:00;2024-10-18 15:00;DK2;629,229980;84,339996
2024-10-18 12:00;2024-10-18 14:00;DK2;605,729980;81,190002
2024-10-18 11:00;2024-10-18 13:00;DK2;598,340027;80,199997
2024-10-18 10:00;2024-10-18 12:00;DK2;618,929993;82,959999
2024-10-18 09:00;2024-10-18 11:00;DK2;636,390015;85,300003
2024-10-18 08:00;2024-10-18 10:00;DK2;714,429993;95,760002
2024-10-18 07:00;2024-10-18 09:00;DK2;828,130005;111,000000
2024-10-18 06:00;2024-10-18 08:00;DK2;1165,640015;156,240005
2024-10-18 05:00;2024-10-18 07:00;DK2;1117,449951;149,779999
2024-10-18 04:00;2024-10-18 06:00;DK2;737,780029;98,889999
2024-10-18 03:00;2024-10-18 05:00;DK2;629,229980;84,339996
2024-10-18 02:00;2024-10-18 04:00;DK2;605,729980;81,190002
2024-10-18 01:00;2024-10-18 03:00;DK2;588,190002;78,839996
2024-10-18 00:00;2024-10-18 02:00;DK2;617,210022;82,730003
2024-10-17 23:00;2024-10-18 01:00;DK2;605,500000;81,160004
2024-10-17 22:00;2024-10-18 00:00;DK2;603,929993;80,949997
2024-10-17 21:00;2024-10-17 23:00;DK2;613,359985;82,209999
2024-10-17 20:00;2024-10-17 22:00;DK2;664,390015;89,050003
2024-10-17 19:00;2024-10-17 21:00;DK2;729,750000;97,809998
2024-10-17 18:00;2024-10-17 20:00;DK2;876,650024;117,500000
2024-10-17 17:00;2024-10-17 19:00;DK2;1275,810059;171,000000
2024-10-17 16:00;2024-10-17 18:00;DK2;1292,290039;173,210007
2024-10-17 15:00;2024-10-17 17:00;DK2;893,059998;119,699997
2024-10-17 14:00;2024-10-17 16:00;DK2;691,469971;92,680000
2024-10-17 13:00;2024-10-17 15:00;DK2;474,140015;63,549999
2024-10-17 12:00;2024-10-17 14:00;DK2;322,980011;43,290001
2024-10-17 11:00;2024-10-17 13:00;DK2;305,299988;40,919998
2024-10-17 10:00;2024-10-17 12:00;DK2;290,670013;38,959999
2024-10-17 09:00;2024-10-17 11:00;DK2;287,089996;38,480000
2024-10-17 08:00;2024-10-17 10:00;DK2;286,940002;38,459999
2024-10-17 07:00;2024-10-17 09:00;DK2;301,869995;40,459999
2024-10-17 06:00;2024-10-17 08:00;DK2;306,790009;41,119999
2024-10-17 05:00;2024-10-17 07:00;DK2;298,660004;40,029999
2024-10-17 04:00;2024-10-17 06:00;DK2;261,730011;35,080002
2024-10-17 03:00;2024-10-17 05:00;DK2;24,469999;3,280000
2024-10-17 02:00;2024-10-17 04:00;DK2;24,400000;3,270000
2024-10-17 01:00;2024-10-17 03:00;DK2;24,469999;3,280000
2024-10-17 00:00;2024-10-17 02:00;DK2;24,549999;3,290000
2024-10-16 23:00;2024-10-17 01:00;DK2;24,549999;3,290000
2024-10-16 22:00;2024-10-17 00:00;DK2;24,549999;3,290000
2024-10-16 21:00;2024-10-16 23:00;DK2;37,750000;5,060000
2024-10-16 20:00;2024-10-16 22:00;DK2;37,830002;5,070000
2024-10-16 19:00;2024-10-16 21:00;DK2;85,730003;11,490000
2024-10-16 18:00;2024-10-16 20:00;DK2;267,470001;35,849998
2024-10-16 17:00;2024-10-16 19:00;DK2;272,470001;36,520000
2024-10-16 16:00;2024-10-16 18:00;DK2;277,470001;37,189999
2024-10-16 15:00;2024-10-16 17:00;DK2;263,000000;35,250000
2024-10-16 14:00;2024-10-16 16:00;DK2;123,550003;16,559999
2024-10-16 13:00;2024-10-16 15:00;DK2;104,830002;14,050000
2024-10-16 12:00;2024-10-16 14:00;DK2;30,809999;4,130000
2024-10-16 11:00;2024-10-16 13:00;DK2;22,010000;2,950000
2024-10-16 10:00;2024-10-16 12:00;DK2;30,510000;4,090000
2024-10-16 09:00;2024-10-16 11:00;DK2;105,650002;14,160000
2024-10-16 08:00;2024-10-16 10:00;DK2;199,059998;26,680000
2024-10-16 07:00;2024-10-16 09:00;DK2;354,760010;47,549999
2024-10-16 06:00;2024-10-16 08:00;DK2;406,239990;54,450001
2024-10-16 05:00;2024-10-16 07:00;DK2;353,720001;47,410000
2024-10-16 04:00;2024-10-16 06:00;DK2;301,049988;40,349998
2024-10-16 03:00;2024-10-16 05:00;DK2;61,180000;8,200000
2024-10-16 02:00;2024-10-16 04:00;DK2;24,250000;3,250000
2024-10-16 01:00;2024-10-16 03:00;DK2;26,930000;3,610000
2024-10-16 00:00;2024-10-16 02:00;DK2;39,540001;5,300000
2024-10-15 23:00;2024-10-16 01:00;DK2;95,500000;12,800000
2024-10-15 22:00;2024-10-16 00:00;DK2;174,210007;23,350000
2024-10-15 21:00;2024-10-15 23:00;DK2;304,269989;40,779999
2024-10-15 20:00;2024-10-15 22:00;DK2;445,059998;59,650002
2024-10-15 19:00;2024-10-15 21:00;DK2;497,290009;66,650002
2024-10-15 18:00;2024-10-15 20:00;DK2;568,989990;76,260002
2024-10-15 17:00;2024-10-15 19:00;DK2;726,049988;97,309998
2024-10-15 16:00;2024-10-15 18:00;DK2;1020,609985;136,789993
2024-10-15 15:00;2024-10-15 17:00;DK2;900,489990;120,690002
2024-10-15 14:00;2024-10-15 16:00;DK2;664,270020;89,029999
2024-10-15 13:00;2024-10-15 15:00;DK2;621,960022;83,360001
2024-10-15 12:00;2024-10-15 14:00;DK2;566,299988;75,900002
2024-10-15 11:00;2024-10-15 13:00;DK2;535,340027;71,750000
2024-10-15 10:00;2024-10-15 12:00;DK2;585,479980;78,470001
2024-10-15 09:00;2024-10-15 11:00;DK2;619,650024;83,050003
2024-10-15 08:00;2024-10-15 10:00;DK2;692,020020;92,750000
2024-10-15 07:00;2024-10-15 09:00;DK2;824,760010;110,540001
2024-10-15 06:00;2024-10-15 08:00;DK2;1317,719971;176,610001
2024-10-15 05:00;2024-10-15 07:00;DK2;1383,229980;185,389999
2024-10-15 04:00;2024-10-15 06:00;DK2;854,530029;114,529999
2024-10-15 03:00;2024-10-15 05:00;DK2;667,849976;89,510002
2024-10-15 02:00;2024-10-15 04:00;DK2;602,859985;80,800003
2024-10-15 01:00;2024-10-15 03:00;DK2;627,039978;84,040001
2024-10-15 00:00;2024-10-15 02:00;DK2;659,190002;88,349998
2024-10-14 23:00;2024-10-15 01:00;DK2;645,320007;86,489998
2024-10-14 22:00;2024-10-15 00:00;DK2;680,679993;91,230003
2024-10-14 21:00;2024-10-14 23:00;DK2;707,309998;94,800003
2024-10-14 20:00;2024-10-14 22:00;DK2;743,580017;99,660004
2024-10-14 19:00;2024-10-14 21:00;DK2;851,460022;114,120003
2024-10-14 18:00;2024-10-14 20:00;DK2;1178,859985;158,000000
2024-10-14 17:00;2024-10-14 19:00;DK2;1964,290039;263,269989
2024-10-14 16:00;2024-10-14 18:00;DK2;1865,280029;250,000000
2024-10-14 15:00;2024-10-14 17:00;DK2;1182,660034;158,509995
2024-10-14 14:00;2024-10-14 16:00;DK2;789,309998;105,790001
2024-10-14 13:00;2024-10-14 15:00;DK2;649,710022;87,080002
2024-10-14 12:00;2024-10-14 14:00;DK2;553,320007;74,160004
2024-10-14 11:00;2024-10-14 13:00;DK2;616,289978;82,599998
2024-10-14 10:00;2024-10-14 12:00;DK2;643,450012;86,239998
2024-10-14 09:00;2024-10-14 11:00;DK2;695,599976;93,230003
2024-10-14 08:00;2024-10-14 10:00;DK2;753,200012;100,949997
2024-10-14 07:00;2024-10-14 09:00;DK2;879,960022;117,940002
2024-10-14 06:00;2024-10-14 08:00;DK2;1142,449951;153,119995
2024-10-14 05:00;2024-10-14 07:00;DK2;973,900024;130,529999
2024-10-14 04:00;2024-10-14 06:00;DK2;736,710022;98,739998
2024-10-14 03:00;2024-10-14 05:00;DK2;464,079987;62,200001
2024-10-14 02:00;2024-10-14 04:00;DK2;293,450012;39,330002
2024-10-14 01:00;2024-10-14 03:00;DK2;256,359985;34,360001
2024-10-14 00:00;2024-10-14 02:00;DK2;262,410004;35,169998
2024-10-13 23:00;2024-10-14 01:00;DK2;263,000000;35,250000
2024-10-13 22:00;2024-10-14 00:00;DK2;276,809998;37,099998
2024-10-13 21:00;2024-10-13 23:00;DK2;274,640015;36,810001
2024-10-13 20:00;2024-10-13 22:00;DK2;299,410004;40,130001
2024-10-13 19:00;2024-10-13 21:00;DK2;286,730011;38,430000
2024-10-13 18:00;2024-10-13 20:00;DK2;294,790009;39,509998
2024-10-13 17:00;2024-10-13 19:00;DK2;373,799988;50,099998
2024-10-13 16:00;2024-10-13 18:00;DK2;260,920013;34,970001
2024-10-13 15:00;2024-10-13 17:00;DK2;156,240005;20,940001
2024-10-13 14:00;2024-10-13 16:00;DK2;118,260002;15,850000
2024-10-13 13:00;2024-10-13 15:00;DK2;94,610001;12,680000
2024-10-13 12:00;2024-10-13 14:00;DK2;59,090000;7,920000
2024-10-13 11:00;2024-10-13 13:00;DK2;52,970001;7,100000
2024-10-13 10:00;2024-10-13 12:00;DK2;47,599998;6,380000
2024-10-13 09:00;2024-10-13 11:00;DK2;46,330002;6,210000
2024-10-13 08:00;2024-10-13 10:00;DK2;36,630001;4,910000
2024-10-13 07:00;2024-10-13 09:00;DK2;29,100000;3,900000
2024-10-13 06:00;2024-10-13 08:00;DK2;20,520000;2,750000
2024-10-13 05:00;2024-10-13 07:00;DK2;0,150000;0,020000
2024-10-13 04:00;2024-10-13 06:00;DK2;-0,070000;-0,010000
2024-10-13 03:00;2024-10-13 05:00;DK2;-0,670000;-0,090000
2024-10-13 02:00;2024-10-13 04:00;DK2;-3,810000;-0,510000
2024-10-13 01:00;2024-10-13 03:00;DK2;-2,760000;-0,370000
2024-10-13 00:00;2024-10-13 02:00;DK2;-0,520000;-0,070000
2024-10-12 23:00;2024-10-13 01:00;DK2;-0,070000;-0,010000
2024-10-12 22:00;2024-10-13 00:00;DK2;0,000000;0,000000
2024-10-12 21:00;2024-10-12 23:00;DK2;41,779999;5,600000
2024-10-12 20:00;2024-10-12 22:00;DK2;102,220001;13,700000
2024-10-12 19:00;2024-10-12 21:00;DK2;134,899994;18,080000
2024-10-12 18:00;2024-10-12 20:00;DK2;207,429993;27,799999
2024-10-12 17:00;2024-10-12 19:00;DK2;299,049988;40,080002
2024-10-12 16:00;2024-10-12 18:00;DK2;361,950012;48,509998
2024-10-12 15:00;2024-10-12 17:00;DK2;423,799988;56,799999
2024-10-12 14:00;2024-10-12 16:00;DK2;218,990005;29,350000
2024-10-12 13:00;2024-10-12 15:00;DK2;263,459991;35,310001
2024-10-12 12:00;2024-10-12 14:00;DK2;174,149994;23,340000
2024-10-12 11:00;2024-10-12 13:00;DK2;106,919998;14,330000
2024-10-12 10:00;2024-10-12 12:00;DK2;184,970001;24,790001
2024-10-12 09:00;2024-10-12 11:00;DK2;255,770004;34,279999
2024-10-12 08:00;2024-10-12 10:00;DK2;263,390015;35,299999
2024-10-12 07:00;2024-10-12 09:00;DK2;310,910004;41,669998
2024-10-12 06:00;2024-10-12 08:00;DK2;378,359985;50,709999
2024-10-12 05:00;2024-10-12 07:00;DK2;400,149994;53,630001
2024-10-12 04:00;2024-10-12 06:00;DK2;534,460022;71,629997
2024-10-12 03:00;2024-10-12 05:00;DK2;506,619995;67,900002
2024-10-12 02:00;2024-10-12 04:00;DK2;536,619995;71,919998
2024-10-12 01:00;2024-10-12 03:00;DK2;559,750000;75,019997
2024-10-12 00:00;2024-10-12 02:00;DK2;563,929993;75,580002
2024-10-11 23:00;2024-10-12 01:00;DK2;592,580017;79,419998
2024-10-11 22:00;2024-10-12 00:00;DK2;672,190002;90,089996
2024-10-11 21:00;2024-10-11 23:00;DK2;655,080017;87,830002
2024-10-11 20:00;2024-10-11 22:00;DK2;733,989990;98,410004
2024-10-11 19:00;2024-10-11 21:00;DK2;744,289978;99,790001
2024-10-11 18:00;2024-10-11 20:00;DK2;895,020020;120,000000
2024-10-11 17:00;2024-10-11 19:00;DK2;1208,060059;161,970001
2024-10-11 16:00;2024-10-11 18:00;DK2;939,330017;125,940002
2024-10-11 15:00;2024-10-11 17:00;DK2;496,660004;66,589996
2024-10-11 14:00;2024-10-11 16:00;DK2;298,859985;40,070000
2024-10-11 13:00;2024-10-11 15:00;DK2;298,119995;39,970001
2024-10-11 12:00;2024-10-11 14:00;DK2;251,949997;33,779999
2024-10-11 11:00;2024-10-11 13:00;DK2;252,990005;33,919998
2024-10-11 10:00;2024-10-11 12:00;DK2;156,929993;21,040001
2024-10-11 09:00;2024-10-11 11:00;DK2;183,929993;24,660000
2024-10-11 08:00;2024-10-11 10:00;DK2;367,859985;49,320000
2024-10-11 07:00;2024-10-11 09:00;DK2;400,670013;53,720001
2024-10-11 06:00;2024-10-11 08:00;DK2;593,919983;79,629997
2024-10-11 05:00;2024-10-11 07:00;DK2;439,230011;58,889999
2024-10-11 04:00;2024-10-11 06:00;DK2;252,839996;33,900002
2024-10-11 03:00;2024-10-11 05:00;DK2;24,459999;3,280000
2024-10-11 02:00;2024-10-11 04:00;DK2;24,389999;3,270000
2024-10-11 01:00;2024-10-11 03:00;DK2;24,389999;3,270000
2024-10-11 00:00;2024-10-11 02:00;DK2;24,459999;3,280000
2024-10-10 23:00;2024-10-11 01:00;DK2;24,389999;3,270000
2024-10-10 22:00;2024-10-11 00:00;DK2;24,389999;3,270000
2024-10-10 21:00;2024-10-10 23:00;DK2;24,540001;3,290000
2024-10-10 20:00;2024-10-10 22:00;DK2;100,540001;13,480000
2024-10-10 19:00;2024-10-10 21:00;DK2;186,759995;25,040001
2024-10-10 18:00;2024-10-10 20:00;DK2;274,630005;36,820000
2024-10-10 17:00;2024-10-10 19:00;DK2;288,200012;38,639999
2024-10-10 16:00;2024-10-10 18:00;DK2;294,470001;39,480000
2024-10-10 15:00;2024-10-10 17:00;DK2;285,140015;38,230000
2024-10-10 14:00;2024-10-10 16:00;DK2;277,309998;37,180000
2024-10-10 13:00;2024-10-10 15:00;DK2;277,309998;37,180000
2024-10-10 12:00;2024-10-10 14:00;DK2;149,250000;20,010000
2024-10-10 11:00;2024-10-10 13:00;DK2;118,889999;15,940000
2024-10-10 10:00;2024-10-10 12:00;DK2;163,270004;21,889999
2024-10-10 09:00;2024-10-10 11:00;DK2;290,369995;38,930000
2024-10-10 08:00;2024-10-10 10:00;DK2;387,920013;52,009998
2024-10-10 07:00;2024-10-10 09:00;DK2;503,459991;67,500000
2024-10-10 06:00;2024-10-10 08:00;DK2;600,119995;80,459999
2024-10-10 05:00;2024-10-10 07:00;DK2;633,239990;84,900002
2024-10-10 04:00;2024-10-10 06:00;DK2;463,179993;62,099998
2024-10-10 03:00;2024-10-10 05:00;DK2;295,359985;39,599998
2024-10-10 02:00;2024-10-10 04:00;DK2;221,070007;29,639999
2024-10-10 01:00;2024-10-10 03:00;DK2;238,679993;32,000000
2024-10-10 00:00;2024-10-10 02:00;DK2;281,559998;37,750000
2024-10-09 23:00;2024-10-10 01:00;DK2;349,739990;46,889999
2024-10-09 22:00;2024-10-10 00:00;DK2;456,399994;61,189999
2024-10-09 21:00;2024-10-09 23:00;DK2;614,070007;82,339996
2024-10-09 20:00;2024-10-09 22:00;DK2;709,229980;95,099998
2024-10-09 19:00;2024-10-09 21:00;DK2;714,450012;95,800003
2024-10-09 18:00;2024-10-09 20:00;DK2;828,179993;111,050003
2024-10-09 17:00;2024-10-09 19:00;DK2;948,030029;127,120003
2024-10-09 16:00;2024-10-09 18:00;DK2;913,799988;122,529999
2024-10-09 15:00;2024-10-09 17:00;DK2;875,909973;117,449997
2024-10-09 14:00;2024-10-09 16:00;DK2;708,489990;95,000000
2024-10-09 13:00;2024-10-09 15:00;DK2;575,510010;77,169998
2024-10-09 12:00;2024-10-09 14:00;DK2;504,369995;67,629997
2024-10-09 11:00;2024-10-09 13:00;DK2;446,350006;59,849998
2024-10-09 10:00;2024-10-09 12:00;DK2;445,970001;59,799999
2024-10-09 09:00;2024-10-09 11:00;DK2;446,720001;59,900002
2024-10-09 08:00;2024-10-09 10:00;DK2;537,630005;72,089996
2024-10-09 07:00;2024-10-09 09:00;DK2;648,820007;87,000000
2024-10-09 06:00;2024-10-09 08:00;DK2;827,659973;110,980003
2024-10-09 05:00;2024-10-09 07:00;DK2;829,229980;111,190002
2024-10-09 04:00;2024-10-09 06:00;DK2;646,590027;86,699997
2024-10-09 03:00;2024-10-09 05:00;DK2;476,329987;63,869999
2024-10-09 02:00;2024-10-09 04:00;DK2;427,480011;57,320000
2024-10-09 01:00;2024-10-09 03:00;DK2;405,100006;54,320000
2024-10-09 00:00;2024-10-09 02:00;DK2;428,670013;57,480000
2024-10-08 23:00;2024-10-09 01:00;DK2;447,459991;60,000000
2024-10-08 22:00;2024-10-09 00:00;DK2;461,859985;61,930000
2024-10-08 21:00;2024-10-08 23:00;DK2;504,070007;67,599998
2024-10-08 20:00;2024-10-08 22:00;DK2;645,750000;86,599998
2024-10-08 19:00;2024-10-08 21:00;DK2;707,640015;94,900002
2024-10-08 18:00;2024-10-08 20:00;DK2;853,119995;114,410004
2024-10-08 17:00;2024-10-08 19:00;DK2;1254,209961;168,199997
2024-10-08 16:00;2024-10-08 18:00;DK2;1168,979980;156,770004
2024-10-08 15:00;2024-10-08 17:00;DK2;942,080017;126,339996
2024-10-08 14:00;2024-10-08 16:00;DK2;754,539978;101,190002
2024-10-08 13:00;2024-10-08 15:00;DK2;578,119995;77,529999
2024-10-08 12:00;2024-10-08 14:00;DK2;565,140015;75,790001
2024-10-08 11:00;2024-10-08 13:00;DK2;529,200012;70,970001
2024-10-08 10:00;2024-10-08 12:00;DK2;495,940002;66,510002
2024-10-08 09:00;2024-10-08 11:00;DK2;547,469971;73,419998
2024-10-08 08:00;2024-10-08 10:00;DK2;598,989990;80,330002
2024-10-08 07:00;2024-10-08 09:00;DK2;633,820007;85,000000
2024-10-08 06:00;2024-10-08 08:00;DK2;792,200012;106,239998
2024-10-08 05:00;2024-10-08 07:00;DK2;822,989990;110,370003
2024-10-08 04:00;2024-10-08 06:00;DK2;641,049988;85,970001
2024-10-08 03:00;2024-10-08 05:00;DK2;502,799988;67,430000
2024-10-08 02:00;2024-10-08 04:00;DK2;445,089996;59,689999
2024-10-08 01:00;2024-10-08 03:00;DK2;444,940002;59,669998
2024-10-08 00:00;2024-10-08 02:00;DK2;477,149994;63,990002
2024-10-07 23:00;2024-10-08 01:00;DK2;500,119995;67,070000
2024-10-07 22:00;2024-10-08 00:00;DK2;539,340027;72,330002
2024-10-07 21:00;2024-10-07 23:00;DK2;589,780029;79,120003
2024-10-07 20:00;2024-10-07 22:00;DK2;685,119995;91,910004
2024-10-07 19:00;2024-10-07 21:00;DK2;744,909973;99,930000
2024-10-07 18:00;2024-10-07 20:00;DK2;909,270020;121,980003
2024-10-07 17:00;2024-10-07 19:00;DK2;1405,359985;188,529999
2024-10-07 16:00;2024-10-07 18:00;DK2;1405,060059;188,490005
2024-10-07 15:00;2024-10-07 17:00;DK2;873,640015;117,199997
2024-10-07 14:00;2024-10-07 16:00;DK2;661,869995;88,790001
2024-10-07 13:00;2024-10-07 15:00;DK2;458,070007;61,450001
2024-10-07 12:00;2024-10-07 14:00;DK2;358,399994;48,080002
2024-10-07 11:00;2024-10-07 13:00;DK2;322,019989;43,200001
2024-10-07 10:00;2024-10-07 12:00;DK2;340,880005;45,730000
2024-10-07 09:00;2024-10-07 11:00;DK2;356,309998;47,799999
2024-10-07 08:00;2024-10-07 10:00;DK2;372,420013;49,959999
2024-10-07 07:00;2024-10-07 09:00;DK2;383,750000;51,480000
2024-10-07 06:00;2024-10-07 08:00;DK2;414,089996;55,549999
2024-10-07 05:00;2024-10-07 07:00;DK2;378,299988;50,750000
2024-10-07 04:00;2024-10-07 06:00;DK2;335,369995;44,990002
2024-10-07 03:00;2024-10-07 05:00;DK2;291,910004;39,160000
2024-10-07 02:00;2024-10-07 04:00;DK2;260,529999;34,950001
2024-10-07 01:00;2024-10-07 03:00;DK2;224,750000;30,150000
2024-10-07 00:00;2024-10-07 02:00;DK2;247,850006;33,250000
2024-10-06 23:00;2024-10-07 01:00;DK2;263,429993;35,340000
2024-10-06 22:00;2024-10-07 00:00;DK2;257,769989;34,580002
2024-10-06 21:00;2024-10-06 23:00;DK2;385,459991;51,709999
2024-10-06 20:00;2024-10-06 22:00;DK2;437,489990;58,689999
2024-10-06 19:00;2024-10-06 21:00;DK2;442,559998;59,369999
2024-10-06 18:00;2024-10-06 20:00;DK2;544,010010;72,980003
2024-10-06 17:00;2024-10-06 19:00;DK2;724,710022;97,220001
2024-10-06 16:00;2024-10-06 18:00;DK2;792,390015;106,300003
2024-10-06 15:00;2024-10-06 17:00;DK2;677,890015;90,940002
2024-10-06 14:00;2024-10-06 16:00;DK2;202,759995;27,200001
2024-10-06 13:00;2024-10-06 15:00;DK2;139,539993;18,719999
2024-10-06 12:00;2024-10-06 14:00;DK2;113,900002;15,280000
2024-10-06 11:00;2024-10-06 13:00;DK2;93,330002;12,520000
2024-10-06 10:00;2024-10-06 12:00;DK2;105,849998;14,200000
2024-10-06 09:00;2024-10-06 11:00;DK2;126,720001;17,000000
2024-10-06 08:00;2024-10-06 10:00;DK2;193,960007;26,020000
2024-10-06 07:00;2024-10-06 09:00;DK2;492,429993;66,059998
2024-10-06 06:00;2024-10-06 08:00;DK2;575,469971;77,199997
2024-10-06 05:00;2024-10-06 07:00;DK2;524,929993;70,419998
2024-10-06 04:00;2024-10-06 06:00;DK2;431,829987;57,930000
2024-10-06 03:00;2024-10-06 05:00;DK2;433,320007;58,130001
2024-10-06 02:00;2024-10-06 04:00;DK2;424,369995;56,930000
2024-10-06 01:00;2024-10-06 03:00;DK2;433,320007;58,130001
2024-10-06 00:00;2024-10-06 02:00;DK2;440,549988;59,099998
2024-10-05 23:00;2024-10-06 01:00;DK2;452,100006;60,650002
2024-10-05 22:00;2024-10-06 00:00;DK2;486,989990;65,330002
2024-10-05 21:00;2024-10-05 23:00;DK2;499,690002;67,000000
2024-10-05 20:00;2024-10-05 22:00;DK2;635,640015;85,230003
2024-10-05 19:00;2024-10-05 21:00;DK2;720,140015;96,559998
2024-10-05 18:00;2024-10-05 20:00;DK2;799,719971;107,230003
2024-10-05 17:00;2024-10-05 19:00;DK2;1068,579956;143,279999
2024-10-05 16:00;2024-10-05 18:00;DK2;1108,630005;148,649994
2024-10-05 15:00;2024-10-05 17:00;DK2;741,919983;99,480003
2024-10-05 14:00;2024-10-05 16:00;DK2;575,159973;77,120003
2024-10-05 13:00;2024-10-05 15:00;DK2;469,260010;62,919998
2024-10-05 12:00;2024-10-05 14:00;DK2;324,350006;43,490002
2024-10-05 11:00;2024-10-05 13:00;DK2;289,970001;38,880001
2024-10-05 10:00;2024-10-05 12:00;DK2;383,640015;51,439999
2024-10-05 09:00;2024-10-05 11:00;DK2;509,160004;68,269997
2024-10-05 08:00;2024-10-05 10:00;DK2;614,690002;82,419998
2024-10-05 07:00;2024-10-05 09:00;DK2;768,169983;103,000000
2024-10-05 06:00;2024-10-05 08:00;DK2;825,000000;110,620003
2024-10-05 05:00;2024-10-05 07:00;DK2;748,780029;100,400002
2024-10-05 04:00;2024-10-05 06:00;DK2;642,880005;86,199997
2024-10-05 03:00;2024-10-05 05:00;DK2;595,299988;79,820000
2024-10-05 02:00;2024-10-05 04:00;DK2;564,719971;75,720001
2024-10-05 01:00;2024-10-05 03:00;DK2;563,380005;75,540001
2024-10-05 00:00;2024-10-05 02:00;DK2;607,080017;81,400002
2024-10-04 23:00;2024-10-05 01:00;DK2;631,239990;84,639999
2024-10-04 22:00;2024-10-05 00:00;DK2;694,340027;93,099998
2024-10-04 21:00;2024-10-04 23:00;DK2;671,330017;90,000000
2024-10-04 20:00;2024-10-04 22:00;DK2;745,179993;99,900002
2024-10-04 19:00;2024-10-04 21:00;DK2;745,179993;99,900002
2024-10-04 18:00;2024-10-04 20:00;DK2;922,710022;123,699997
2024-10-04 17:00;2024-10-04 19:00;DK2;1111,579956;149,020004
2024-10-04 16:00;2024-10-04 18:00;DK2;984,400024;131,970001
2024-10-04 15:00;2024-10-04 17:00;DK2;798,890015;107,099998
2024-10-04 14:00;2024-10-04 16:00;DK2;669,840027;89,800003
2024-10-04 13:00;2024-10-04 15:00;DK2;589,799988;79,070000
2024-10-04 12:00;2024-10-04 14:00;DK2;565,559998;75,820000
2024-10-04 11:00;2024-10-04 13:00;DK2;548,179993;73,489998
2024-10-04 10:00;2024-10-04 12:00;DK2;559,969971;75,070000
2024-10-04 09:00;2024-10-04 11:00;DK2;634,039978;85,000000
2024-10-04 08:00;2024-10-04 10:00;DK2;746,599976;100,089996
2024-10-04 07:00;2024-10-04 09:00;DK2;867,289978;116,269997
2024-10-04 06:00;2024-10-04 08:00;DK2;1054,890015;141,419998
2024-10-04 05:00;2024-10-04 07:00;DK2;943,890015;126,540001
2024-10-04 04:00;2024-10-04 06:00;DK2;768,299988;103,000000
2024-10-04 03:00;2024-10-04 05:00;DK2;575,109985;77,099998
2024-10-04 02:00;2024-10-04 04:00;DK2;539,530029;72,330002
2024-10-04 01:00;2024-10-04 03:00;DK2;537,070007;72,000000
2024-10-04 00:00;2024-10-04 02:00;DK2;537,809998;72,099998
2024-10-03 23:00;2024-10-04 01:00;DK2;540,950012;72,519997
2024-10-03 22:00;2024-10-04 00:00;DK2;551,239990;73,900002
2024-10-03 21:00;2024-10-03 23:00;DK2;607,630005;81,459999
2024-10-03 20:00;2024-10-03 22:00;DK2;678,489990;90,959999
2024-10-03 19:00;2024-10-03 21:00;DK2;736,669983;98,760002
2024-10-03 18:00;2024-10-03 20:00;DK2;807,679993;108,279999
2024-10-03 17:00;2024-10-03 19:00;DK2;860,200012;115,320000
2024-10-03 16:00;2024-10-03 18:00;DK2;821,039978;110,070000
2024-10-03 15:00;2024-10-03 17:00;DK2;669,090027;89,699997
2024-10-03 14:00;2024-10-03 16:00;DK2;492,609985;66,040001
2024-10-03 13:00;2024-10-03 15:00;DK2;383,109985;51,360001
2024-10-03 12:00;2024-10-03 14:00;DK2;291,950012;39,139999
2024-10-03 11:00;2024-10-03 13:00;DK2;253,460007;33,980000
2024-10-03 10:00;2024-10-03 12:00;DK2;351,250000;47,090000
2024-10-03 09:00;2024-10-03 11:00;DK2;470,230011;63,040001
2024-10-03 08:00;2024-10-03 10:00;DK2;516,770020;69,279999
2024-10-03 07:00;2024-10-03 09:00;DK2;543,780029;72,900002
2024-10-03 06:00;2024-10-03 08:00;DK2;571,900024;76,669998
2024-10-03 05:00;2024-10-03 07:00;DK2;547,280029;73,370003
2024-10-03 04:00;2024-10-03 06:00;DK2;488,059998;65,430000
2024-10-03 03:00;2024-10-03 05:00;DK2;480,369995;64,400002
2024-10-03 02:00;2024-10-03 04:00;DK2;477,239990;63,980000
2024-10-03 01:00;2024-10-03 03:00;DK2;478,730011;64,180000
2024-10-03 00:00;2024-10-03 02:00;DK2;485,890015;65,139999
2024-10-02 23:00;2024-10-03 01:00;DK2;491,260010;65,860001
2024-10-02 22:00;2024-10-03 00:00;DK2;502,230011;67,330002
2024-10-02 21:00;2024-10-02 23:00;DK2;633,880005;85,000000
2024-10-02 20:00;2024-10-02 22:00;DK2;695,780029;93,300003
2024-10-02 19:00;2024-10-02 21:00;DK2;719,940002;96,540001
2024-10-02 18:00;2024-10-02 20:00;DK2;852,900024;114,370003
2024-10-02 17:00;2024-10-02 19:00;DK2;969,979980;130,070007
2024-10-02 16:00;2024-10-02 18:00;DK2;872,590027;117,010002
2024-10-02 15:00;2024-10-02 17:00;DK2;746,489990;100,099998
2024-10-02 14:00;2024-10-02 16:00;DK2;607,849976;81,510002
2024-10-02 13:00;2024-10-02 15:00;DK2;607,260010;81,430000
2024-10-02 12:00;2024-10-02 14:00;DK2;584,659973;78,400002
2024-10-02 11:00;2024-10-02 13:00;DK2;597,109985;80,070000
2024-10-02 10:00;2024-10-02 12:00;DK2;431,040009;57,799999
2024-10-02 09:00;2024-10-02 11:00;DK2;394,420013;52,889999
2024-10-02 08:00;2024-10-02 10:00;DK2;484,880005;65,019997
2024-10-02 07:00;2024-10-02 09:00;DK2;701,219971;94,029999
2024-10-02 06:00;2024-10-02 08:00;DK2;913,830017;122,540001
2024-10-02 05:00;2024-10-02 07:00;DK2;692,869995;92,910004
2024-10-02 04:00;2024-10-02 06:00;DK2;596,440002;79,980003
2024-10-02 03:00;2024-10-02 05:00;DK2;363,470001;48,740002
2024-10-02 02:00;2024-10-02 04:00;DK2;300,230011;40,259998
2024-10-02 01:00;2024-10-02 03:00;DK2;365,339996;48,990002
2024-10-02 00:00;2024-10-02 02:00;DK2;373,540009;50,090000
2024-10-01 23:00;2024-10-02 01:00;DK2;367,350006;49,259998
2024-10-01 22:00;2024-10-02 00:00;DK2;432,829987;58,040001
2024-10-01 21:00;2024-10-01 23:00;DK2;309,940002;41,570000
2024-10-01 20:00;2024-10-01 22:00;DK2;321,649994;43,139999
2024-10-01 19:00;2024-10-01 21:00;DK2;345,429993;46,330002
2024-10-01 18:00;2024-10-01 20:00;DK2;366,829987;49,200001
2024-10-01 17:00;2024-10-01 19:00;DK2;421,410004;56,520000
2024-10-01 16:00;2024-10-01 18:00;DK2;405,600006;54,400002
2024-10-01 15:00;2024-10-01 17:00;DK2;393,000000;52,709999
2024-10-01 14:00;2024-10-01 16:00;DK2;324,779999;43,560001
2024-10-01 13:00;2024-10-01 15:00;DK2;296,079987;39,709999
2024-10-01 12:00;2024-10-01 14:00;DK2;260,660004;34,959999
2024-10-01 11:00;2024-10-01 13:00;DK2;223,600006;29,990000
2024-10-01 10:00;2024-10-01 12:00;DK2;232,919998;31,240000
2024-10-01 09:00;2024-10-01 11:00;DK2;260,880005;34,990002
2024-10-01 08:00;2024-10-01 10:00;DK2;288,170013;38,650002
2024-10-01 07:00;2024-10-01 09:00;DK2;309,500000;41,509998
2024-10-01 06:00;2024-10-01 08:00;DK2;308,079987;41,320000
2024-10-01 05:00;2024-10-01 07:00;DK2;293,910004;39,419998
2024-10-01 04:00;2024-10-01 06:00;DK2;75,080002;10,070000
2024-10-01 03:00;2024-10-01 05:00;DK2;24,600000;3,300000
2024-10-01 02:00;2024-10-01 04:00;DK2;0,670000;0,090000
2024-10-01 01:00;2024-10-01 03:00;DK2;0,150000;0,020000
2024-10-01 00:00;2024-10-01 02:00;DK2;0,370000;0,050000
2024-09-30 23:00;2024-10-01 01:00;DK2;0,520000;0,070000
2024-09-30 22:00;2024-10-01 00:00;DK2;23,930000;3,210000
2024-09-30 21:00;2024-09-30 23:00;DK2;24,230000;3,250000
2024-09-30 20:00;2024-09-30 22:00;DK2;24,459999;3,280000
2024-09-30 19:00;2024-09-30 21:00;DK2;31,240000;4,190000
2024-09-30 18:00;2024-09-30 20:00;DK2;127,500000;17,100000
2024-09-30 17:00;2024-09-30 19:00;DK2;273,119995;36,630001
2024-09-30 16:00;2024-09-30 18:00;DK2;268,339996;35,990002
2024-09-30 15:00;2024-09-30 17:00;DK2;243,960007;32,720001
2024-09-30 14:00;2024-09-30 16:00;DK2;180,360001;24,190001
2024-09-30 13:00;2024-09-30 15:00;DK2;125,709999;16,860001
2024-09-30 12:00;2024-09-30 14:00;DK2;94,919998;12,730000
2024-09-30 11:00;2024-09-30 13:00;DK2;15,360000;2,060000
2024-09-30 10:00;2024-09-30 12:00;DK2;69,190002;9,280000
2024-09-30 09:00;2024-09-30 11:00;DK2;155,910004;20,910000
2024-09-30 08:00;2024-09-30 10:00;DK2;272,739990;36,580002
2024-09-30 07:00;2024-09-30 09:00;DK2;447,359985;60,000000
2024-09-30 06:00;2024-09-30 08:00;DK2;597,229980;80,099998
2024-09-30 05:00;2024-09-30 07:00;DK2;597,229980;80,099998
2024-09-30 04:00;2024-09-30 06:00;DK2;314,869995;42,230000
2024-09-30 03:00;2024-09-30 05:00;DK2;126,599998;16,980000
2024-09-30 02:00;2024-09-30 04:00;DK2;67,250000;9,020000
2024-09-30 01:00;2024-09-30 03:00;DK2;41,230000;5,530000
2024-09-30 00:00;2024-09-30 02:00;DK2;62,630001;8,400000
2024-09-29 23:00;2024-09-30 01:00;DK2;85,370003;11,450000
2024-09-29 22:00;2024-09-30 00:00;DK2;141,669998;19,000000
2024-09-29 21:00;2024-09-29 23:00;DK2;278,779999;37,389999
2024-09-29 20:00;2024-09-29 22:00;DK2;479,429993;64,300003
2024-09-29 19:00;2024-09-29 21:00;DK2;597,450012;80,129997
2024-09-29 18:00;2024-09-29 20:00;DK2;817,260010;109,610001
2024-09-29 17:00;2024-09-29 19:00;DK2;1247,550049;167,320007
2024-09-29 16:00;2024-09-29 18:00;DK2;1137,719971;152,589996
2024-09-29 15:00;2024-09-29 17:00;DK2;700,950012;94,010002
2024-09-29 14:00;2024-09-29 16:00;DK2;322,399994;43,240002
2024-09-29 13:00;2024-09-29 15:00;DK2;0,000000;0,000000
2024-09-29 12:00;2024-09-29 14:00;DK2;-3,360000;-0,450000
2024-09-29 11:00;2024-09-29 13:00;DK2;-3,650000;-0,490000
2024-09-29 10:00;2024-09-29 12:00;DK2;-0,070000;-0,010000
2024-09-29 09:00;2024-09-29 11:00;DK2;0,000000;0,000000
2024-09-29 08:00;2024-09-29 10:00;DK2;9,920000;1,330000
2024-09-29 07:00;2024-09-29 09:00;DK2;405,829987;54,430000
2024-09-29 06:00;2024-09-29 08:00;DK2;722,340027;96,879997
2024-09-29 05:00;2024-09-29 07:00;DK2;730,690002;98,000000
2024-09-29 04:00;2024-09-29 06:00;DK2;574,119995;77,000000
2024-09-29 03:00;2024-09-29 05:00;DK2;548,989990;73,629997
2024-09-29 02:00;2024-09-29 04:00;DK2;199,970001;26,820000
2024-09-29 01:00;2024-09-29 03:00;DK2;75,980003;10,190000
2024-09-29 00:00;2024-09-29 02:00;DK2;24,610001;3,300000
2024-09-28 23:00;2024-09-29 01:00;DK2;24,530001;3,290000
2024-09-28 22:00;2024-09-29 00:00;DK2;29,000000;3,890000
2024-09-28 21:00;2024-09-28 23:00;DK2;28,040001;3,760000
2024-09-28 20:00;2024-09-28 22:00;DK2;197,080002;26,430000
2024-09-28 19:00;2024-09-28 21:00;DK2;75,830002;10,170000
2024-09-28 18:00;2024-09-28 20:00;DK2;268,660004;36,029999
2024-09-28 17:00;2024-09-28 19:00;DK2;349,260010;46,840000
2024-09-28 16:00;2024-09-28 18:00;DK2;320,410004;42,970001
2024-09-28 15:00;2024-09-28 17:00;DK2;75,239998;10,090000
2024-09-28 14:00;2024-09-28 16:00;DK2;49,139999;6,590000
2024-09-28 13:00;2024-09-28 15:00;DK2;24,530001;3,290000
2024-09-28 12:00;2024-09-28 14:00;DK2;0,000000;0,000000
2024-09-28 11:00;2024-09-28 13:00;DK2;0,000000;0,000000
2024-09-28 10:00;2024-09-28 12:00;DK2;4,850000;0,650000
2024-09-28 09:00;2024-09-28 11:00;DK2;28,190001;3,780000
2024-09-28 08:00;2024-09-28 10:00;DK2;72,699997;9,750000
2024-09-28 07:00;2024-09-28 09:00;DK2;119,230003;15,990000
2024-09-28 06:00;2024-09-28 08:00;DK2;108,190002;14,510000
2024-09-28 05:00;2024-09-28 07:00;DK2;67,849998;9,100000
2024-09-28 04:00;2024-09-28 06:00;DK2;38,400002;5,150000
2024-09-28 03:00;2024-09-28 05:00;DK2;30,940001;4,150000
2024-09-28 02:00;2024-09-28 04:00;DK2;24,379999;3,270000
2024-09-28 01:00;2024-09-28 03:00;DK2;23,559999;3,160000
2024-09-28 00:00;2024-09-28 02:00;DK2;24,530001;3,290000
2024-09-27 23:00;2024-09-28 01:00;DK2;22,590000;3,030000
2024-09-27 22:00;2024-09-28 00:00;DK2;21,620001;2,900000
2024-09-27 21:00;2024-09-27 23:00;DK2;186,429993;25,000000
2024-09-27 20:00;2024-09-27 22:00;DK2;194,119995;26,030001
2024-09-27 19:00;2024-09-27 21:00;DK2;148,919998;19,969999
2024-09-27 18:00;2024-09-27 20:00;DK2;218,800003;29,340000
2024-09-27 17:00;2024-09-27 19:00;DK2;450,950012;60,470001
2024-09-27 16:00;2024-09-27 18:00;DK2;466,459991;62,549999
2024-09-27 15:00;2024-09-27 17:00;DK2;244,750000;32,820000
2024-09-27 14:00;2024-09-27 16:00;DK2;37,360001;5,010000
2024-09-27 13:00;2024-09-27 15:00;DK2;35,419998;4,750000
2024-09-27 12:00;2024-09-27 14:00;DK2;30,280001;4,060000
2024-09-27 11:00;2024-09-27 13:00;DK2;36,689999;4,920000
2024-09-27 10:00;2024-09-27 12:00;DK2;46,759998;6,270000
2024-09-27 09:00;2024-09-27 11:00;DK2;44,740002;6,000000
2024-09-27 08:00;2024-09-27 10:00;DK2;62,270000;8,350000
2024-09-27 07:00;2024-09-27 09:00;DK2;70,839996;9,500000
2024-09-27 06:00;2024-09-27 08:00;DK2;106,489998;14,280000
2024-09-27 05:00;2024-09-27 07:00;DK2;85,239998;11,430000
2024-09-27 04:00;2024-09-27 06:00;DK2;31,170000;4,180000
2024-09-27 03:00;2024-09-27 05:00;DK2;-0,220000;-0,030000
2024-09-27 02:00;2024-09-27 04:00;DK2;-1,490000;-0,200000
2024-09-27 01:00;2024-09-27 03:00;DK2;0,000000;0,000000
2024-09-27 00:00;2024-09-27 02:00;DK2;5,000000;0,670000
2024-09-26 23:00;2024-09-27 01:00;DK2;24,090000;3,230000
2024-09-26 22:00;2024-09-27 00:00;DK2;40,200001;5,390000
2024-09-26 21:00;2024-09-26 23:00;DK2;169,509995;22,730000
2024-09-26 20:00;2024-09-26 22:00;DK2;243,410004;32,639999
2024-09-26 19:00;2024-09-26 21:00;DK2;307,390015;41,220001
2024-09-26 18:00;2024-09-26 20:00;DK2;588,609985;78,930000
2024-09-26 17:00;2024-09-26 19:00;DK2;663,700012;89,000000
2024-09-26 16:00;2024-09-26 18:00;DK2;596,590027;80,000000
2024-09-26 15:00;2024-09-26 17:00;DK2;474,880005;63,680000
2024-09-26 14:00;2024-09-26 16:00;DK2;149,220001;20,010000
2024-09-26 13:00;2024-09-26 15:00;DK2;128,639999;17,250000
2024-09-26 12:00;2024-09-26 14:00;DK2;94,559998;12,680000
2024-09-26 11:00;2024-09-26 13:00;DK2;90,080002;12,080000
2024-09-26 10:00;2024-09-26 12:00;DK2;126,769997;17,000000
2024-09-26 09:00;2024-09-26 11:00;DK2;235,800003;31,620001
2024-09-26 08:00;2024-09-26 10:00;DK2;313,660004;42,060001
2024-09-26 07:00;2024-09-26 09:00;DK2;502,100006;67,330002
2024-09-26 06:00;2024-09-26 08:00;DK2;621,940002;83,400002
2024-09-26 05:00;2024-09-26 07:00;DK2;635,359985;85,199997
2024-09-26 04:00;2024-09-26 06:00;DK2;537,150024;72,029999
2024-09-26 03:00;2024-09-26 05:00;DK2;370,700012;49,709999
2024-09-26 02:00;2024-09-26 04:00;DK2;339,529999;45,529999
2024-09-26 01:00;2024-09-26 03:00;DK2;371,899994;49,869999
2024-09-26 00:00;2024-09-26 02:00;DK2;390,320007;52,340000
2024-09-25 23:00;2024-09-26 01:00;DK2;438,339996;58,779999
2024-09-25 22:00;2024-09-26 00:00;DK2;492,329987;66,019997
2024-09-25 21:00;2024-09-25 23:00;DK2;613,119995;82,220001
2024-09-25 20:00;2024-09-25 22:00;DK2;683,369995;91,639999
2024-09-25 19:00;2024-09-25 21:00;DK2;720,429993;96,610001
2024-09-25 18:00;2024-09-25 20:00;DK2;983,140015;131,839996
2024-09-25 17:00;2024-09-25 19:00;DK2;1457,260010;195,419998
2024-09-25 16:00;2024-09-25 18:00;DK2;1164,790039;156,199997
2024-09-25 15:00;2024-09-25 17:00;DK2;804,239990;107,849998
2024-09-25 14:00;2024-09-25 16:00;DK2;122,370003;16,410000
2024-09-25 13:00;2024-09-25 15:00;DK2;40,270000;5,400000
2024-09-25 12:00;2024-09-25 14:00;DK2;41,540001;5,570000
2024-09-25 11:00;2024-09-25 13:00;DK2;51,529999;6,910000
2024-09-25 10:00;2024-09-25 12:00;DK2;51,830002;6,950000
2024-09-25 09:00;2024-09-25 11:00;DK2;63,759998;8,550000
2024-09-25 08:00;2024-09-25 10:00;DK2;100,220001;13,440000
2024-09-25 07:00;2024-09-25 09:00;DK2;123,410004;16,549999
2024-09-25 06:00;2024-09-25 08:00;DK2;131,770004;17,670000
2024-09-25 05:00;2024-09-25 07:00;DK2;130,500000;17,500000
2024-09-25 04:00;2024-09-25 06:00;DK2;116,629997;15,640000
2024-09-25 03:00;2024-09-25 05:00;DK2;74,120003;9,940000
2024-09-25 02:00;2024-09-25 04:00;DK2;43,029999;5,770000
2024-09-25 01:00;2024-09-25 03:00;DK2;44,520000;5,970000
2024-09-25 00:00;2024-09-25 02:00;DK2;50,709999;6,800000
2024-09-24 23:00;2024-09-25 01:00;DK2;62,270000;8,350000
2024-09-24 22:00;2024-09-25 00:00;DK2;75,019997;10,060000
2024-09-24 21:00;2024-09-24 23:00;DK2;451,839996;60,580002
2024-09-24 20:00;2024-09-24 22:00;DK2;555,520020;74,480003
2024-09-24 19:00;2024-09-24 21:00;DK2;599,969971;80,440002
2024-09-24 18:00;2024-09-24 20:00;DK2;758,539978;101,699997
2024-09-24 17:00;2024-09-24 19:00;DK2;925,840027;124,129997
2024-09-24 16:00;2024-09-24 18:00;DK2;887,950012;119,050003
2024-09-24 15:00;2024-09-24 17:00;DK2;776,000000;104,040001
2024-09-24 14:00;2024-09-24 16:00;DK2;621,080017;83,269997
2024-09-24 13:00;2024-09-24 15:00;DK2;558,950012;74,940002
2024-09-24 12:00;2024-09-24 14:00;DK2;459,380005;61,590000
2024-09-24 11:00;2024-09-24 13:00;DK2;514,570007;68,989998
2024-09-24 10:00;2024-09-24 12:00;DK2;564,989990;75,750000
2024-09-24 09:00;2024-09-24 11:00;DK2;625,559998;83,870003
2024-09-24 08:00;2024-09-24 10:00;DK2;690,739990;92,610001
2024-09-24 07:00;2024-09-24 09:00;DK2;790,760010;106,019997
2024-09-24 06:00;2024-09-24 08:00;DK2;950,229980;127,400002
2024-09-24 05:00;2024-09-24 07:00;DK2;1058,829956;141,960007
2024-09-24 04:00;2024-09-24 06:00;DK2;826,039978;110,750000
2024-09-24 03:00;2024-09-24 05:00;DK2;658,520020;88,290001
2024-09-24 02:00;2024-09-24 04:00;DK2;621,010010;83,260002
2024-09-24 01:00;2024-09-24 03:00;DK2;634,130005;85,019997
2024-09-24 00:00;2024-09-24 02:00;DK2;624,210022;83,690002
2024-09-23 23:00;2024-09-24 01:00;DK2;615,409973;82,510002
2024-09-23 22:00;2024-09-24 00:00;DK2;657,849976;88,199997
2024-09-23 21:00;2024-09-23 23:00;DK2;682,809998;91,540001
2024-09-23 20:00;2024-09-23 22:00;DK2;752,849976;100,930000
2024-09-23 19:00;2024-09-23 21:00;DK2;870,559998;116,709999
2024-09-23 18:00;2024-09-23 20:00;DK2;1332,500000;178,639999
2024-09-23 17:00;2024-09-23 19:00;DK2;2449,510010;328,390015
2024-09-23 16:00;2024-09-23 18:00;DK2;1792,140015;240,259995
2024-09-23 15:00;2024-09-23 17:00;DK2;1014,520020;136,009995
2024-09-23 14:00;2024-09-23 16:00;DK2;762,700012;102,250000
2024-09-23 13:00;2024-09-23 15:00;DK2;604,039978;80,980003
2024-09-23 12:00;2024-09-23 14:00;DK2;572,640015;76,769997
2024-09-23 11:00;2024-09-23 13:00;DK2;571,000000;76,550003
2024-09-23 10:00;2024-09-23 12:00;DK2;588,830017;78,940002
2024-09-23 09:00;2024-09-23 11:00;DK2;597,929993;80,160004
2024-09-23 08:00;2024-09-23 10:00;DK2;706,080017;94,660004
2024-09-23 07:00;2024-09-23 09:00;DK2;820,429993;109,989998
2024-09-23 06:00;2024-09-23 08:00;DK2;1128,790039;151,330002
2024-09-23 05:00;2024-09-23 07:00;DK2;1519,650024;203,729996
2024-09-23 04:00;2024-09-23 06:00;DK2;995,049988;133,399994
2024-09-23 03:00;2024-09-23 05:00;DK2;725,780029;97,300003
2024-09-23 02:00;2024-09-23 04:00;DK2;648,419983;86,930000
2024-09-23 01:00;2024-09-23 03:00;DK2;650,070007;87,150002
2024-09-23 00:00;2024-09-23 02:00;DK2;635,520020;85,199997
2024-09-22 23:00;2024-09-23 01:00;DK2;627,169983;84,080002
2024-09-22 22:00;2024-09-23 00:00;DK2;677,289978;90,800003
2024-09-22 21:00;2024-09-22 23:00;DK2;686,239990;92,000000
2024-09-22 20:00;2024-09-22 22:00;DK2;736,369995;98,720001
2024-09-22 19:00;2024-09-22 21:00;DK2;817,080017;109,540001
2024-09-22 18:00;2024-09-22 20:00;DK2;940,669983;126,110001
2024-09-22 17:00;2024-09-22 19:00;DK2;1172,430054;157,179993
2024-09-22 16:00;2024-09-22 18:00;DK2;986,320007;132,229996
2024-09-22 15:00;2024-09-22 17:00;DK2;792,679993;106,269997
2024-09-22 14:00;2024-09-22 16:00;DK2;417,709991;56,000000
2024-09-22 13:00;2024-09-22 15:00;DK2;113,830002;15,260000
2024-09-22 12:00;2024-09-22 14:00;DK2;81,010002;10,860000
2024-09-22 11:00;2024-09-22 13:00;DK2;59,669998;8,000000
2024-09-22 10:00;2024-09-22 12:00;DK2;81,529999;10,930000
2024-09-22 09:00;2024-09-22 11:00;DK2;109,430000;14,670000
2024-09-22 08:00;2024-09-22 10:00;DK2;168,800003;22,629999
2024-09-22 07:00;2024-09-22 09:00;DK2;468,359985;62,790001
2024-09-22 06:00;2024-09-22 08:00;DK2;645,070007;86,480003
2024-09-22 05:00;2024-09-22 07:00;DK2;725,849976;97,309998
2024-09-22 04:00;2024-09-22 06:00;DK2;707,729980;94,879997
2024-09-22 03:00;2024-09-22 05:00;DK2;676,169983;90,650002
2024-09-22 02:00;2024-09-22 04:00;DK2;676,919983;90,750000
2024-09-22 01:00;2024-09-22 03:00;DK2;667,590027;89,500000
2024-09-22 00:00;2024-09-22 02:00;DK2;671,250000;89,989998
2024-09-21 23:00;2024-09-22 01:00;DK2;671,700012;90,050003
2024-09-21 22:00;2024-09-22 00:00;DK2;728,979980;97,730003
2024-09-21 21:00;2024-09-21 23:00;DK2;658,679993;88,300003
2024-09-21 20:00;2024-09-21 22:00;DK2;698,210022;93,599998
2024-09-21 19:00;2024-09-21 21:00;DK2;715,590027;95,930000
2024-09-21 18:00;2024-09-21 20:00;DK2;839,200012;112,500000
2024-09-21 17:00;2024-09-21 19:00;DK2;1059,180054;141,990005
2024-09-21 16:00;2024-09-21 18:00;DK2;951,090027;127,500000
2024-09-21 15:00;2024-09-21 17:00;DK2;724,989990;97,190002
2024-09-21 14:00;2024-09-21 16:00;DK2;319,339996;42,810001
2024-09-21 13:00;2024-09-21 15:00;DK2;41,330002;5,540000
2024-09-21 12:00;2024-09-21 14:00;DK2;14,400000;1,930000
2024-09-21 11:00;2024-09-21 13:00;DK2;0,220000;0,030000
2024-09-21 10:00;2024-09-21 12:00;DK2;0,070000;0,010000
2024-09-21 09:00;2024-09-21 11:00;DK2;23,500000;3,150000
2024-09-21 08:00;2024-09-21 10:00;DK2;164,110001;22,000000
2024-09-21 07:00;2024-09-21 09:00;DK2;454,959991;60,990002
2024-09-21 06:00;2024-09-21 08:00;DK2;636,299988;85,300003
2024-09-21 05:00;2024-09-21 07:00;DK2;729,239990;97,760002
2024-09-21 04:00;2024-09-21 06:00;DK2;743,640015;99,690002
2024-09-21 03:00;2024-09-21 05:00;DK2;667,479980;89,480003
2024-09-21 02:00;2024-09-21 04:00;DK2;644,349976;86,379997
2024-09-21 01:00;2024-09-21 03:00;DK2;613,099976;82,190002
2024-09-21 00:00;2024-09-21 02:00;DK2;611,679993;82,000000
2024-09-20 23:00;2024-09-21 01:00;DK2;636,299988;85,300003
2024-09-20 22:00;2024-09-21 00:00;DK2;658,599976;88,290001
2024-09-20 21:00;2024-09-20 23:00;DK2;649,590027;87,080002
2024-09-20 20:00;2024-09-20 22:00;DK2;654,960022;87,800003
2024-09-20 19:00;2024-09-20 21:00;DK2;679,349976;91,070000
2024-09-20 18:00;2024-09-20 20:00;DK2;811,909973;108,839996
2024-09-20 17:00;2024-09-20 19:00;DK2;1087,020020;145,720001
2024-09-20 16:00;2024-09-20 18:00;DK2;790,799988;106,010002
2024-09-20 15:00;2024-09-20 17:00;DK2;627,500000;84,120003
2024-09-20 14:00;2024-09-20 16:00;DK2;278,320007;37,310001
2024-09-20 13:00;2024-09-20 15:00;DK2;103,989998;13,940000
2024-09-20 12:00;2024-09-20 14:00;DK2;88,919998;11,920000
2024-09-20 11:00;2024-09-20 13:00;DK2;87,800003;11,770000
2024-09-20 10:00;2024-09-20 12:00;DK2;113,680000;15,240000
2024-09-20 09:00;2024-09-20 11:00;DK2;132,039993;17,700001
2024-09-20 08:00;2024-09-20 10:00;DK2;462,869995;62,049999
2024-09-20 07:00;2024-09-20 09:00;DK2;663,309998;88,919998
2024-09-20 06:00;2024-09-20 08:00;DK2;810,119995;108,599998
2024-09-20 05:00;2024-09-20 07:00;DK2;1055,170044;141,449997
2024-09-20 04:00;2024-09-20 06:00;DK2;806,090027;108,059998
2024-09-20 03:00;2024-09-20 05:00;DK2;659,359985;88,389999
2024-09-20 02:00;2024-09-20 04:00;DK2;555,890015;74,519997
2024-09-20 01:00;2024-09-20 03:00;DK2;545,820007;73,169998
2024-09-20 00:00;2024-09-20 02:00;DK2;547,690002;73,419998
2024-09-19 23:00;2024-09-20 01:00;DK2;552,309998;74,040001
2024-09-19 22:00;2024-09-20 00:00;DK2;541,640015;72,610001
2024-09-19 21:00;2024-09-19 23:00;DK2;588,479980;78,870003
2024-09-19 20:00;2024-09-19 22:00;DK2;663,840027;88,970001
2024-09-19 19:00;2024-09-19 21:00;DK2;679,729980;91,099998
2024-09-19 18:00;2024-09-19 20:00;DK2;846,869995;113,500000
2024-09-19 17:00;2024-09-19 19:00;DK2;1002,070007;134,300003
2024-09-19 16:00;2024-09-19 18:00;DK2;854,549988;114,529999
2024-09-19 15:00;2024-09-19 17:00;DK2;679,359985;91,050003
2024-09-19 14:00;2024-09-19 16:00;DK2;412,760010;55,320000
2024-09-19 13:00;2024-09-19 15:00;DK2;105,500000;14,140000
2024-09-19 12:00;2024-09-19 14:00;DK2;30,070000;4,030000
2024-09-19 11:00;2024-09-19 13:00;DK2;53,200001;7,130000
2024-09-19 10:00;2024-09-19 12:00;DK2;102,970001;13,800000
2024-09-19 09:00;2024-09-19 11:00;DK2;310,250000;41,580002
2024-09-19 08:00;2024-09-19 10:00;DK2;558,190002;74,809998
2024-09-19 07:00;2024-09-19 09:00;DK2;728,530029;97,639999
2024-09-19 06:00;2024-09-19 08:00;DK2;926,109985;124,120003
2024-09-19 05:00;2024-09-19 07:00;DK2;1068,770020;143,240005
2024-09-19 04:00;2024-09-19 06:00;DK2;846,650024;113,470001
2024-09-19 03:00;2024-09-19 05:00;DK2;671,450012;89,989998
2024-09-19 02:00;2024-09-19 04:00;DK2;591,390015;79,260002
2024-09-19 01:00;2024-09-19 03:00;DK2;577,140015;77,349998
2024-09-19 00:00;2024-09-19 02:00;DK2;582,210022;78,029999
2024-09-18 23:00;2024-09-19 01:00;DK2;578,479980;77,529999
2024-09-18 22:00;2024-09-19 00:00;DK2;570,049988;76,400002
2024-09-18 21:00;2024-09-18 23:00;DK2;593,169983;79,489998
2024-09-18 20:00;2024-09-18 22:00;DK2;671,000000;89,919998
2024-09-18 19:00;2024-09-18 21:00;DK2;695,849976;93,250000
2024-09-18 18:00;2024-09-18 20:00;DK2;807,409973;108,199997
2024-09-18 17:00;2024-09-18 19:00;DK2;969,489990;129,919998
2024-09-18 16:00;2024-09-18 18:00;DK2;850,020020;113,910004
2024-09-18 15:00;2024-09-18 17:00;DK2;653,090027;87,519997
2024-09-18 14:00;2024-09-18 16:00;DK2;195,729996;26,230000
2024-09-18 13:00;2024-09-18 15:00;DK2;110,959999;14,870000
2024-09-18 12:00;2024-09-18 14:00;DK2;94,620003;12,680000
2024-09-18 11:00;2024-09-18 13:00;DK2;89,699997;12,020000
2024-09-18 10:00;2024-09-18 12:00;DK2;96,930000;12,990000
2024-09-18 09:00;2024-09-18 11:00;DK2;356,839996;47,820000
2024-09-18 08:00;2024-09-18 10:00;DK2;589,520020;79,000000
2024-09-18 07:00;2024-09-18 09:00;DK2;764,429993;102,440002
2024-09-18 06:00;2024-09-18 08:00;DK2;993,000000;133,070007
2024-09-18 05:00;2024-09-18 07:00;DK2;1059,040039;141,919998
2024-09-18 04:00;2024-09-18 06:00;DK2;784,210022;105,089996
2024-09-18 03:00;2024-09-18 05:00;DK2;671,000000;89,919998
2024-09-18 02:00;2024-09-18 04:00;DK2;615,710022;82,510002
2024-09-18 01:00;2024-09-18 03:00;DK2;624,359985;83,669998
2024-09-18 00:00;2024-09-18 02:00;DK2;624,659973;83,709999
2024-09-17 23:00;2024-09-18 01:00;DK2;603,989990;80,940002
2024-09-17 22:00;2024-09-18 00:00;DK2;635,479980;85,160004
2024-09-17 21:00;2024-09-17 23:00;DK2;625,609985;83,839996
2024-09-17 20:00;2024-09-17 22:00;DK2;671,130005;89,940002
2024-09-17 19:00;2024-09-17 21:00;DK2;717,239990;96,120003
2024-09-17 18:00;2024-09-17 20:00;DK2;830,059998;111,239998
2024-09-17 17:00;2024-09-17 19:00;DK2;988,929993;132,529999
2024-09-17 16:00;2024-09-17 18:00;DK2;843,119995;112,989998
2024-09-17 15:00;2024-09-17 17:00;DK2;697,690002;93,500000
2024-09-17 14:00;2024-09-17 16:00;DK2;554,349976;74,290001
2024-09-17 13:00;2024-09-17 15:00;DK2;331,609985;44,439999
2024-09-17 12:00;2024-09-17 14:00;DK2;191,320007;25,639999
2024-09-17 11:00;2024-09-17 13:00;DK2;311,679993;41,770000
2024-09-17 10:00;2024-09-17 12:00;DK2;446,299988;59,810001
2024-09-17 09:00;2024-09-17 11:00;DK2;614,789978;82,389999
2024-09-17 08:00;2024-09-17 10:00;DK2;720,219971;96,519997
2024-09-17 07:00;2024-09-17 09:00;DK2;812,679993;108,910004
2024-09-17 06:00;2024-09-17 08:00;DK2;1026,160034;137,520004
2024-09-17 05:00;2024-09-17 07:00;DK2;999,450012;133,940002
2024-09-17 04:00;2024-09-17 06:00;DK2;808,280029;108,320000
2024-09-17 03:00;2024-09-17 05:00;DK2;682,909973;91,519997
2024-09-17 02:00;2024-09-17 04:00;DK2;597,250000;80,040001
2024-09-17 01:00;2024-09-17 03:00;DK2;595,760010;79,839996
2024-09-17 00:00;2024-09-17 02:00;DK2;600,760010;80,510002
2024-09-16 23:00;2024-09-17 01:00;DK2;614,119995;82,300003
2024-09-16 22:00;2024-09-17 00:00;DK2;638,289978;85,540001
2024-09-16 21:00;2024-09-16 23:00;DK2;608,409973;81,529999
2024-09-16 20:00;2024-09-16 22:00;DK2;588,109985;78,809998
2024-09-16 19:00;2024-09-16 21:00;DK2;672,359985;90,099998
2024-09-16 18:00;2024-09-16 20:00;DK2;813,469971;109,010002
2024-09-16 17:00;2024-09-16 19:00;DK2;840,039978;112,570000
2024-09-16 16:00;2024-09-16 18:00;DK2;804,969971;107,870003
2024-09-16 15:00;2024-09-16 17:00;DK2;649,080017;86,980003
2024-09-16 14:00;2024-09-16 16:00;DK2;569,380005;76,300003
2024-09-16 13:00;2024-09-16 15:00;DK2;562,440002;75,370003
2024-09-16 12:00;2024-09-16 14:00;DK2;603,409973;80,860001
2024-09-16 11:00;2024-09-16 13:00;DK2;648,409973;86,889999
2024-09-16 10:00;2024-09-16 12:00;DK2;716,539978;96,019997
2024-09-16 09:00;2024-09-16 11:00;DK2;783,700012;105,019997
2024-09-16 08:00;2024-09-16 10:00;DK2;840,489990;112,629997
2024-09-16 07:00;2024-09-16 09:00;DK2;943,239990;126,400002
2024-09-16 06:00;2024-09-16 08:00;DK2;1089,949951;146,059998
2024-09-16 05:00;2024-09-16 07:00;DK2;970,109985;130,000000
2024-09-16 04:00;2024-09-16 06:00;DK2;805,940002;108,000000
2024-09-16 03:00;2024-09-16 05:00;DK2;659,000000;88,309998
2024-09-16 02:00;2024-09-16 04:00;DK2;629,380005;84,339996
2024-09-16 01:00;2024-09-16 03:00;DK2;633,780029;84,930000
2024-09-16 00:00;2024-09-16 02:00;DK2;651,169983;87,260002
2024-09-15 23:00;2024-09-16 01:00;DK2;657,729980;88,139999
2024-09-15 22:00;2024-09-16 00:00;DK2;693,929993;92,989998
2024-09-15 21:00;2024-09-15 23:00;DK2;691,020020;92,599998
2024-09-15 20:00;2024-09-15 22:00;DK2;799,289978;107,110001
2024-09-15 19:00;2024-09-15 21:00;DK2;840,859985;112,680000
2024-09-15 18:00;2024-09-15 20:00;DK2;922,349976;123,599998
2024-09-15 17:00;2024-09-15 19:00;DK2;993,690002;133,160004
2024-09-15 16:00;2024-09-15 18:00;DK2;841,760010;112,800003
2024-09-15 15:00;2024-09-15 17:00;DK2;613,780029;82,250000
2024-09-15 14:00;2024-09-15 16:00;DK2;104,470001;14,000000
2024-09-15 13:00;2024-09-15 15:00;DK2;40,520000;5,430000
2024-09-15 12:00;2024-09-15 14:00;DK2;23,059999;3,090000
2024-09-15 11:00;2024-09-15 13:00;DK2;14,630000;1,960000
2024-09-15 10:00;2024-09-15 12:00;DK2;21,340000;2,860000
2024-09-15 09:00;2024-09-15 11:00;DK2;27,240000;3,650000
2024-09-15 08:00;2024-09-15 10:00;DK2;54,849998;7,350000
2024-09-15 07:00;2024-09-15 09:00;DK2;403,489990;54,070000
2024-09-15 06:00;2024-09-15 08:00;DK2;574,299988;76,959999
2024-09-15 05:00;2024-09-15 07:00;DK2;637,440002;85,419998
2024-09-15 04:00;2024-09-15 06:00;DK2;516,250000;69,180000
2024-09-15 03:00;2024-09-15 05:00;DK2;489,609985;65,610001
2024-09-15 02:00;2024-09-15 04:00;DK2;475,049988;63,660000
2024-09-15 01:00;2024-09-15 03:00;DK2;501,100006;67,150002
2024-09-15 00:00;2024-09-15 02:00;DK2;496,989990;66,599998
2024-09-14 23:00;2024-09-15 01:00;DK2;522,890015;70,070000
2024-09-14 22:00;2024-09-15 00:00;DK2;582,890015;78,110001
2024-09-14 21:00;2024-09-14 23:00;DK2;632,539978;84,760002
2024-09-14 20:00;2024-09-14 22:00;DK2;699,630005;93,750000
2024-09-14 19:00;2024-09-14 21:00;DK2;769,330017;103,089996
2024-09-14 18:00;2024-09-14 20:00;DK2;879,479980;117,849998
2024-09-14 17:00;2024-09-14 19:00;DK2;944,630005;126,580002
2024-09-14 16:00;2024-09-14 18:00;DK2;704,400024;94,389999
2024-09-14 15:00;2024-09-14 17:00;DK2;485,750000;65,089996
2024-09-14 14:00;2024-09-14 16:00;DK2;48,580002;6,510000
2024-09-14 13:00;2024-09-14 15:00;DK2;22,090000;2,960000
2024-09-14 12:00;2024-09-14 14:00;DK2;6,190000;0,830000
2024-09-14 11:00;2024-09-14 13:00;DK2;3,130000;0,420000
2024-09-14 10:00;2024-09-14 12:00;DK2;21,940001;2,940000
2024-09-14 09:00;2024-09-14 11:00;DK2;44,779999;6,000000
2024-09-14 08:00;2024-09-14 10:00;DK2;200,220001;26,830000
2024-09-14 07:00;2024-09-14 09:00;DK2;462,089996;61,919998
2024-09-14 06:00;2024-09-14 08:00;DK2;563,729980;75,540001
2024-09-14 05:00;2024-09-14 07:00;DK2;485,070007;65,000000
2024-09-14 04:00;2024-09-14 06:00;DK2;369,480011;49,509998
2024-09-14 03:00;2024-09-14 05:00;DK2;200,669998;26,889999
2024-09-14 02:00;2024-09-14 04:00;DK2;172,539993;23,120001
2024-09-14 01:00;2024-09-14 03:00;DK2;163,279999;21,879999
2024-09-14 00:00;2024-09-14 02:00;DK2;167,759995;22,480000
2024-09-13 23:00;2024-09-14 01:00;DK2;274,179993;36,740002
2024-09-13 22:00;2024-09-14 00:00;DK2;415,000000;55,610001
2024-09-13 21:00;2024-09-13 23:00;DK2;111,260002;14,910000
2024-09-13 20:00;2024-09-13 22:00;DK2;439,519989;58,900002
2024-09-13 19:00;2024-09-13 21:00;DK2;513,390015;68,800003
2024-09-13 18:00;2024-09-13 20:00;DK2;646,890015;86,690002
2024-09-13 17:00;2024-09-13 19:00;DK2;667,260010;89,419998
2024-09-13 16:00;2024-09-13 18:00;DK2;505,029999;67,680000
2024-09-13 15:00;2024-09-13 17:00;DK2;349,970001;46,900002
2024-09-13 14:00;2024-09-13 16:00;DK2;335,940002;45,020000
2024-09-13 13:00;2024-09-13 15:00;DK2;290,500000;38,930000
2024-09-13 12:00;2024-09-13 14:00;DK2;141,850006;19,010000
2024-09-13 11:00;2024-09-13 13:00;DK2;574,130005;76,940002
2024-09-13 10:00;2024-09-13 12:00;DK2;654,130005;87,660004
2024-09-13 09:00;2024-09-13 11:00;DK2;682,780029;91,500000
2024-09-13 08:00;2024-09-13 10:00;DK2;765,159973;102,540001
2024-09-13 07:00;2024-09-13 09:00;DK2;867,390015;116,239998
2024-09-13 06:00;2024-09-13 08:00;DK2;986,780029;132,240005
2024-09-13 05:00;2024-09-13 07:00;DK2;895,150024;119,959999
2024-09-13 04:00;2024-09-13 06:00;DK2;736,659973;98,720001
2024-09-13 03:00;2024-09-13 05:00;DK2;656,070007;87,919998
2024-09-13 02:00;2024-09-13 04:00;DK2;631,510010;84,629997
2024-09-13 01:00;2024-09-13 03:00;DK2;647,409973;86,760002
2024-09-13 00:00;2024-09-13 02:00;DK2;651,510010;87,309998
2024-09-12 23:00;2024-09-13 01:00;DK2;682,929993;91,519997
2024-09-12 22:00;2024-09-13 00:00;DK2;745,979980;99,970001
2024-09-12 21:00;2024-09-12 23:00;DK2;686,809998;92,040001
2024-09-12 20:00;2024-09-12 22:00;DK2;742,260010;99,470001
2024-09-12 19:00;2024-09-12 21:00;DK2;932,760010;125,000000
2024-09-12 18:00;2024-09-12 20:00;DK2;1865,680054;250,020004
2024-09-12 17:00;2024-09-12 19:00;DK2;2238,709961;300,010010
2024-09-12 16:00;2024-09-12 18:00;DK2;1083,420044;145,190002
2024-09-12 15:00;2024-09-12 17:00;DK2;818,890015;109,739998
2024-09-12 14:00;2024-09-12 16:00;DK2;684,049988;91,669998
2024-09-12 13:00;2024-09-12 15:00;DK2;633,760010;84,930000
2024-09-12 12:00;2024-09-12 14:00;DK2;597,789978;80,110001
2024-09-12 11:00;2024-09-12 13:00;DK2;583,760010;78,230003
2024-09-12 10:00;2024-09-12 12:00;DK2;586,669983;78,620003
2024-09-12 09:00;2024-09-12 11:00;DK2;600,030029;80,410004
2024-09-12 08:00;2024-09-12 10:00;DK2;634,280029;85,000000
2024-09-12 07:00;2024-09-12 09:00;DK2;771,280029;103,360001
2024-09-12 06:00;2024-09-12 08:00;DK2;1014,400024;135,940002
2024-09-12 05:00;2024-09-12 07:00;DK2;1006,940002;134,940002
2024-09-12 04:00;2024-09-12 06:00;DK2;805,609985;107,959999
2024-09-12 03:00;2024-09-12 05:00;DK2;648,609985;86,919998
2024-09-12 02:00;2024-09-12 04:00;DK2;619,729980;83,050003
2024-09-12 01:00;2024-09-12 03:00;DK2;609,280029;81,650002
2024-09-12 00:00;2024-09-12 02:00;DK2;602,190002;80,699997
2024-09-11 23:00;2024-09-12 01:00;DK2;627,489990;84,089996
2024-09-11 22:00;2024-09-12 00:00;DK2;672,039978;90,059998
2024-09-11 21:00;2024-09-11 23:00;DK2;757,320007;101,489998
2024-09-11 20:00;2024-09-11 22:00;DK2;758,510010;101,650002
2024-09-11 19:00;2024-09-11 21:00;DK2;859,179993;115,139999
2024-09-11 18:00;2024-09-11 20:00;DK2;942,530029;126,309998
2024-09-11 17:00;2024-09-11 19:00;DK2;911,780029;122,190002
2024-09-11 16:00;2024-09-11 18:00;DK2;771,799988;103,430000
2024-09-11 15:00;2024-09-11 17:00;DK2;627,559998;84,099998
2024-09-11 14:00;2024-09-11 16:00;DK2;254,830002;34,150002
2024-09-11 13:00;2024-09-11 15:00;DK2;223,410004;29,940001
2024-09-11 12:00;2024-09-11 14:00;DK2;201,470001;27,000000
2024-09-11 11:00;2024-09-11 13:00;DK2;201,619995;27,020000
2024-09-11 10:00;2024-09-11 12:00;DK2;466,000000;62,450001
2024-09-11 09:00;2024-09-11 11:00;DK2;503,760010;67,510002
2024-09-11 08:00;2024-09-11 10:00;DK2;573,159973;76,809998
2024-09-11 07:00;2024-09-11 09:00;DK2;728,289978;97,599998
2024-09-11 06:00;2024-09-11 08:00;DK2;826,190002;110,720001
2024-09-11 05:00;2024-09-11 07:00;DK2;727,919983;97,550003
2024-09-11 04:00;2024-09-11 06:00;DK2;647,630005;86,790001
2024-09-11 03:00;2024-09-11 05:00;DK2;200,279999;26,840000
2024-09-11 02:00;2024-09-11 04:00;DK2;178,419998;23,910000
2024-09-11 01:00;2024-09-11 03:00;DK2;142,449997;19,090000
2024-09-11 00:00;2024-09-11 02:00;DK2;125,360001;16,799999
2024-09-10 23:00;2024-09-11 01:00;DK2;112,230003;15,040000
2024-09-10 22:00;2024-09-11 00:00;DK2;149,690002;20,059999
2024-09-10 21:00;2024-09-10 23:00;DK2;75,660004;10,140000
2024-09-10 20:00;2024-09-10 22:00;DK2;89,620003;12,010000
2024-09-10 19:00;2024-09-10 21:00;DK2;169,679993;22,740000
2024-09-10 18:00;2024-09-10 20:00;DK2;261,679993;35,070000
2024-09-10 17:00;2024-09-10 19:00;DK2;224,220001;30,049999
2024-09-10 16:00;2024-09-10 18:00;DK2;191,839996;25,709999
2024-09-10 15:00;2024-09-10 17:00;DK2;152,220001;20,400000
2024-09-10 14:00;2024-09-10 16:00;DK2;1,640000;0,220000
2024-09-10 13:00;2024-09-10 15:00;DK2;-0,300000;-0,040000
2024-09-10 12:00;2024-09-10 14:00;DK2;-1,190000;-0,160000
2024-09-10 11:00;2024-09-10 13:00;DK2;-0,520000;-0,070000
2024-09-10 10:00;2024-09-10 12:00;DK2;0,300000;0,040000
2024-09-10 09:00;2024-09-10 11:00;DK2;71,040001;9,520000
2024-09-10 08:00;2024-09-10 10:00;DK2;282,649994;37,880001
2024-09-10 07:00;2024-09-10 09:00;DK2;403,380005;54,060001
2024-09-10 06:00;2024-09-10 08:00;DK2;504,339996;67,589996
2024-09-10 05:00;2024-09-10 07:00;DK2;168,259995;22,549999
2024-09-10 04:00;2024-09-10 06:00;DK2;13,510000;1,810000
2024-09-10 03:00;2024-09-10 05:00;DK2;0,000000;0,000000
2024-09-10 02:00;2024-09-10 04:00;DK2;0,000000;0,000000
2024-09-10 01:00;2024-09-10 03:00;DK2;5,150000;0,690000
2024-09-10 00:00;2024-09-10 02:00;DK2;15,670000;2,100000
2024-09-09 23:00;2024-09-10 01:00;DK2;21,940001;2,940000
2024-09-09 22:00;2024-09-10 00:00;DK2;21,639999;2,900000
2024-09-09 21:00;2024-09-09 23:00;DK2;252,589996;33,849998
2024-09-09 20:00;2024-09-09 22:00;DK2;253,559998;33,980000
2024-09-09 19:00;2024-09-09 21:00;DK2;485,190002;65,019997
2024-09-09 18:00;2024-09-09 20:00;DK2;657,559998;88,120003
2024-09-09 17:00;2024-09-09 19:00;DK2;854,859985;114,559998
2024-09-09 16:00;2024-09-09 18:00;DK2;844,340027;113,150002
2024-09-09 15:00;2024-09-09 17:00;DK2;692,479980;92,800003
2024-09-09 14:00;2024-09-09 16:00;DK2;587,119995;78,680000
2024-09-09 13:00;2024-09-09 15:00;DK2;626,669983;83,980003
2024-09-09 12:00;2024-09-09 14:00;DK2;612,340027;82,059998
2024-09-09 11:00;2024-09-09 13:00;DK2;665,400024;89,169998
2024-09-09 10:00;2024-09-09 12:00;DK2;708,750000;94,980003
2024-09-09 09:00;2024-09-09 11:00;DK2;751,729980;100,739998
2024-09-09 08:00;2024-09-09 10:00;DK2;827,320007;110,870003
2024-09-09 07:00;2024-09-09 09:00;DK2;967,690002;129,679993
2024-09-09 06:00;2024-09-09 08:00;DK2;1190,729980;159,570007
2024-09-09 05:00;2024-09-09 07:00;DK2;1049,319946;140,619995
2024-09-09 04:00;2024-09-09 06:00;DK2;884,030029;118,470001
2024-09-09 03:00;2024-09-09 05:00;DK2;640,169983;85,790001
2024-09-09 02:00;2024-09-09 04:00;DK2;635,099976;85,110001
2024-09-09 01:00;2024-09-09 03:00;DK2;612,119995;82,029999
2024-09-09 00:00;2024-09-09 02:00;DK2;627,559998;84,099998
2024-09-08 23:00;2024-09-09 01:00;DK2;639,950012;85,760002
2024-09-08 22:00;2024-09-09 00:00;DK2;644,799988;86,410004
2024-09-08 21:00;2024-09-08 23:00;DK2;724,789978;97,129997
2024-09-08 20:00;2024-09-08 22:00;DK2;789,489990;105,800003
2024-09-08 19:00;2024-09-08 21:00;DK2;874,559998;117,199997
2024-09-08 18:00;2024-09-08 20:00;DK2;956,039978;128,119995
2024-09-08 17:00;2024-09-08 19:00;DK2;926,419983;124,150002
2024-09-08 16:00;2024-09-08 18:00;DK2;888,289978;119,040001
2024-09-08 15:00;2024-09-08 17:00;DK2;716,289978;95,989998
2024-09-08 14:00;2024-09-08 16:00;DK2;437,429993;58,619999
2024-09-08 13:00;2024-09-08 15:00;DK2;23,430000;3,140000
2024-09-08 12:00;2024-09-08 14:00;DK2;8,880000;1,190000
2024-09-08 11:00;2024-09-08 13:00;DK2;0,070000;0,010000
2024-09-08 10:00;2024-09-08 12:00;DK2;0,300000;0,040000
2024-09-08 09:00;2024-09-08 11:00;DK2;18,580000;2,490000
2024-09-08 08:00;2024-09-08 10:00;DK2;46,560001;6,240000
2024-09-08 07:00;2024-09-08 09:00;DK2;302,809998;40,580002
2024-09-08 06:00;2024-09-08 08:00;DK2;572,570007;76,730003
2024-09-08 05:00;2024-09-08 07:00;DK2;612,409973;82,070000
2024-09-08 04:00;2024-09-08 06:00;DK2;622,039978;83,360001
2024-09-08 03:00;2024-09-08 05:00;DK2;635,020020;85,099998
2024-09-08 02:00;2024-09-08 04:00;DK2;614,799988;82,389999
2024-09-08 01:00;2024-09-08 03:00;DK2;611,890015;82,000000
2024-09-08 00:00;2024-09-08 02:00;DK2;624,429993;83,680000
2024-09-07 23:00;2024-09-08 01:00;DK2;645,169983;86,459999
2024-09-07 22:00;2024-09-08 00:00;DK2;700,770020;93,910004
2024-09-07 21:00;2024-09-07 23:00;DK2;665,909973;89,239998
2024-09-07 20:00;2024-09-07 22:00;DK2;688,890015;92,320000
2024-09-07 19:00;2024-09-07 21:00;DK2;760,380005;101,900002
2024-09-07 18:00;2024-09-07 20:00;DK2;992,440002;133,000000
2024-09-07 17:00;2024-09-07 19:00;DK2;1122,280029;150,399994
2024-09-07 16:00;2024-09-07 18:00;DK2;959,390015;128,570007
2024-09-07 15:00;2024-09-07 17:00;DK2;756,640015;101,400002
2024-09-07 14:00;2024-09-07 16:00;DK2;370,260010;49,619999
2024-09-07 13:00;2024-09-07 15:00;DK2;42,910000;5,750000
2024-09-07 12:00;2024-09-07 14:00;DK2;23,129999;3,100000
2024-09-07 11:00;2024-09-07 13:00;DK2;9,250000;1,240000
2024-09-07 10:00;2024-09-07 12:00;DK2;39,320000;5,270000
2024-09-07 09:00;2024-09-07 11:00;DK2;105,739998;14,170000
2024-09-07 08:00;2024-09-07 10:00;DK2;384,440002;51,520000
2024-09-07 07:00;2024-09-07 09:00;DK2;628,219971;84,190002
2024-09-07 06:00;2024-09-07 08:00;DK2;712,169983;95,440002
2024-09-07 05:00;2024-09-07 07:00;DK2;765,229980;102,550003
2024-09-07 04:00;2024-09-07 06:00;DK2;748,140015;100,260002
2024-09-07 03:00;2024-09-07 05:00;DK2;726,419983;97,349998
2024-09-07 02:00;2024-09-07 04:00;DK2;704,409973;94,400002
2024-09-07 01:00;2024-09-07 03:00;DK2;689,559998;92,410004
2024-09-07 00:00;2024-09-07 02:00;DK2;706,869995;94,730003
2024-09-06 23:00;2024-09-07 01:00;DK2;720,900024;96,610001
2024-09-06 22:00;2024-09-07 00:00;DK2;763,359985;102,300003
2024-09-06 21:00;2024-09-06 23:00;DK2;314,630005;42,169998
2024-09-06 20:00;2024-09-06 22:00;DK2;344,920013;46,230000
2024-09-06 19:00;2024-09-06 21:00;DK2;544,280029;72,949997
2024-09-06 18:00;2024-09-06 20:00;DK2;744,830017;99,830002
2024-09-06 17:00;2024-09-06 19:00;DK2;745,799988;99,959999
2024-09-06 16:00;2024-09-06 18:00;DK2;557,109985;74,669998
2024-09-06 15:00;2024-09-06 17:00;DK2;314,029999;42,090000
2024-09-06 14:00;2024-09-06 16:00;DK2;112,360001;15,060000
2024-09-06 13:00;2024-09-06 15:00;DK2;111,989998;15,010000
2024-09-06 12:00;2024-09-06 14:00;DK2;58,270000;7,810000
2024-09-06 11:00;2024-09-06 13:00;DK2;59,310001;7,950000
2024-09-06 10:00;2024-09-06 12:00;DK2;101,540001;13,610000
2024-09-06 09:00;2024-09-06 11:00;DK2;149,740005;20,070000
2024-09-06 08:00;2024-09-06 10:00;DK2;223,830002;30,000000
2024-09-06 07:00;2024-09-06 09:00;DK2;294,559998;39,480000
2024-09-06 06:00;2024-09-06 08:00;DK2;320,899994;43,009998
2024-09-06 05:00;2024-09-06 07:00;DK2;315,230011;42,250000
2024-09-06 04:00;2024-09-06 06:00;DK2;213,910004;28,670000
2024-09-06 03:00;2024-09-06 05:00;DK2;185,029999;24,799999
2024-09-06 02:00;2024-09-06 04:00;DK2;166,009995;22,250000
2024-09-06 01:00;2024-09-06 03:00;DK2;149,220001;20,000000
2024-09-06 00:00;2024-09-06 02:00;DK2;148,470001;19,900000
2024-09-05 23:00;2024-09-06 01:00;DK2;148,619995;19,920000
2024-09-05 22:00;2024-09-06 00:00;DK2;165,559998;22,190001
2024-09-05 21:00;2024-09-05 23:00;DK2;195,839996;26,250000
2024-09-05 20:00;2024-09-05 22:00;DK2;261,040009;34,990002
2024-09-05 19:00;2024-09-05 21:00;DK2;297,820007;39,919998
2024-09-05 18:00;2024-09-05 20:00;DK2;340,489990;45,639999
2024-09-05 17:00;2024-09-05 19:00;DK2;380,480011;51,000000
2024-09-05 16:00;2024-09-05 18:00;DK2;414,049988;55,500000
2024-09-05 15:00;2024-09-05 17:00;DK2;222,539993;29,830000
2024-09-05 14:00;2024-09-05 16:00;DK2;41,480000;5,560000
2024-09-05 13:00;2024-09-05 15:00;DK2;0,070000;0,010000
2024-09-05 12:00;2024-09-05 14:00;DK2;0,070000;0,010000
2024-09-05 11:00;2024-09-05 13:00;DK2;0,070000;0,010000
2024-09-05 10:00;2024-09-05 12:00;DK2;21,860001;2,930000
2024-09-05 09:00;2024-09-05 11:00;DK2;100,860001;13,520000
2024-09-05 08:00;2024-09-05 10:00;DK2;385,329987;51,650002
2024-09-05 07:00;2024-09-05 09:00;DK2;297,369995;39,860001
2024-09-05 06:00;2024-09-05 08:00;DK2;407,859985;54,669998
2024-09-05 05:00;2024-09-05 07:00;DK2;663,080017;88,879997
2024-09-05 04:00;2024-09-05 06:00;DK2;599,739990;80,389999
2024-09-05 03:00;2024-09-05 05:00;DK2;386,450012;51,799999
2024-09-05 02:00;2024-09-05 04:00;DK2;601,080017;80,570000
2024-09-05 01:00;2024-09-05 03:00;DK2;649,880005;87,110001
2024-09-05 00:00;2024-09-05 02:00;DK2;671,440002;90,000000
2024-09-04 23:00;2024-09-05 01:00;DK2;705,750000;94,599998
2024-09-04 22:00;2024-09-05 00:00;DK2;755,510010;101,269997
2024-09-04 21:00;2024-09-04 23:00;DK2;419,679993;56,259998
2024-09-04 20:00;2024-09-04 22:00;DK2;611,979980;82,040001
2024-09-04 19:00;2024-09-04 21:00;DK2;971,690002;130,259995
2024-09-04 18:00;2024-09-04 20:00;DK2;1357,270020;181,949997
2024-09-04 17:00;2024-09-04 19:00;DK2;2260,260010;303,000000
2024-09-04 16:00;2024-09-04 18:00;DK2;1161,459961;155,699997
2024-09-04 15:00;2024-09-04 17:00;DK2;924,770020;123,970001
2024-09-04 14:00;2024-09-04 16:00;DK2;759,760010;101,849998
2024-09-04 13:00;2024-09-04 15:00;DK2;691,650024;92,720001
2024-09-04 12:00;2024-09-04 14:00;DK2;665,400024;89,199997
2024-09-04 11:00;2024-09-04 13:00;DK2;675,020020;90,489998
2024-09-04 10:00;2024-09-04 12:00;DK2;686,280029;92,000000
2024-09-04 09:00;2024-09-04 11:00;DK2;716,570007;96,059998
2024-09-04 08:00;2024-09-04 10:00;DK2;799,739990;107,209999
2024-09-04 07:00;2024-09-04 09:00;DK2;934,609985;125,290001
2024-09-04 06:00;2024-09-04 08:00;DK2;1162,880005;155,889999
2024-09-04 05:00;2024-09-04 07:00;DK2;1351,380005;181,160004
2024-09-04 04:00;2024-09-04 06:00;DK2;1074,329956;144,020004
2024-09-04 03:00;2024-09-04 05:00;DK2;815,859985;109,370003
2024-09-04 02:00;2024-09-04 04:00;DK2;735,659973;98,620003
2024-09-04 01:00;2024-09-04 03:00;DK2;733,580017;98,339996
2024-09-04 00:00;2024-09-04 02:00;DK2;737,679993;98,889999
2024-09-03 23:00;2024-09-04 01:00;DK2;753,570007;101,019997
2024-09-03 22:00;2024-09-04 00:00;DK2;806,900024;108,169998
2024-09-03 21:00;2024-09-03 23:00;DK2;875,059998;117,320000
2024-09-03 20:00;2024-09-03 22:00;DK2;993,500000;133,199997
2024-09-03 19:00;2024-09-03 21:00;DK2;1542,459961;206,800003
2024-09-03 18:00;2024-09-03 20:00;DK2;2535,959961;340,000000
2024-09-03 17:00;2024-09-03 19:00;DK2;2495,610107;334,589996
2024-09-03 16:00;2024-09-03 18:00;DK2;1619,209961;217,089996
2024-09-03 15:00;2024-09-03 17:00;DK2;902,130005;120,949997
2024-09-03 14:00;2024-09-03 16:00;DK2;680,309998;91,209999
2024-09-03 13:00;2024-09-03 15:00;DK2;646,450012;86,669998
2024-09-03 12:00;2024-09-03 14:00;DK2;627,500000;84,129997
2024-09-03 11:00;2024-09-03 13:00;DK2;616,760010;82,690002
2024-09-03 10:00;2024-09-03 12:00;DK2;632,500000;84,800003
2024-09-03 09:00;2024-09-03 11:00;DK2;671,429993;90,019997
2024-09-03 08:00;2024-09-03 10:00;DK2;737,520020;98,879997
2024-09-03 07:00;2024-09-03 09:00;DK2;865,059998;115,980003
2024-09-03 06:00;2024-09-03 08:00;DK2;999,099976;133,949997
2024-09-03 05:00;2024-09-03 07:00;DK2;1107,099976;148,429993
2024-09-03 04:00;2024-09-03 06:00;DK2;998,869995;133,919998
2024-09-03 03:00;2024-09-03 05:00;DK2;745,200012;99,910004
2024-09-03 02:00;2024-09-03 04:00;DK2;716,039978;96,000000
2024-09-03 01:00;2024-09-03 03:00;DK2;693,440002;92,970001
2024-09-03 00:00;2024-09-03 02:00;DK2;682,469971;91,500000
2024-09-02 23:00;2024-09-03 01:00;DK2;693,659973;93,000000
2024-09-02 22:00;2024-09-03 00:00;DK2;742,739990;99,580002
2024-09-02 21:00;2024-09-02 23:00;DK2;774,549988;103,839996
2024-09-02 20:00;2024-09-02 22:00;DK2;852,130005;114,239998
2024-09-02 19:00;2024-09-02 21:00;DK2;983,859985;131,899994
2024-09-02 18:00;2024-09-02 20:00;DK2;1581,780029;212,059998
2024-09-02 17:00;2024-09-02 19:00;DK2;1905,050049;255,399994
2024-09-02 16:00;2024-09-02 18:00;DK2;1027,709961;137,779999
2024-09-02 15:00;2024-09-02 17:00;DK2;841,979980;112,879997
2024-09-02 14:00;2024-09-02 16:00;DK2;698,400024;93,629997
2024-09-02 13:00;2024-09-02 15:00;DK2;658,190002;88,239998
2024-09-02 12:00;2024-09-02 14:00;DK2;623,799988;83,629997
2024-09-02 11:00;2024-09-02 13:00;DK2;605,599976;81,190002
2024-09-02 10:00;2024-09-02 12:00;DK2;634,400024;85,050003
2024-09-02 09:00;2024-09-02 11:00;DK2;677,440002;90,820000
2024-09-02 08:00;2024-09-02 10:00;DK2;767,020020;102,830002
2024-09-02 07:00;2024-09-02 09:00;DK2;914,780029;122,639999
2024-09-02 06:00;2024-09-02 08:00;DK2;984,150024;131,940002
2024-09-02 05:00;2024-09-02 07:00;DK2;1006,609985;134,949997
2024-09-02 04:00;2024-09-02 06:00;DK2;855,780029;114,730003
2024-09-02 03:00;2024-09-02 05:00;DK2;757,250000;101,519997
2024-09-02 02:00;2024-09-02 04:00;DK2;683,179993;91,589996
2024-09-02 01:00;2024-09-02 03:00;DK2;690,039978;92,510002
2024-09-02 00:00;2024-09-02 02:00;DK2;689,150024;92,389999
2024-09-01 23:00;2024-09-02 01:00;DK2;706,900024;94,769997
2024-09-01 22:00;2024-09-02 00:00;DK2;680,570007;91,239998
2024-09-01 21:00;2024-09-01 23:00;DK2;682,510010;91,500000
2024-09-01 20:00;2024-09-01 22:00;DK2;760,979980;102,019997
2024-09-01 19:00;2024-09-01 21:00;DK2;802,820007;107,629997
2024-09-01 18:00;2024-09-01 20:00;DK2;924,260010;123,910004
2024-09-01 17:00;2024-09-01 19:00;DK2;981,619995;131,600006
2024-09-01 16:00;2024-09-01 18:00;DK2;813,859985;109,110001
2024-09-01 15:00;2024-09-01 17:00;DK2;583,900024;78,279999
2024-09-01 14:00;2024-09-01 16:00;DK2;126,730003;16,990000
2024-09-01 13:00;2024-09-01 15:00;DK2;26,700001;3,580000
2024-09-01 12:00;2024-09-01 14:00;DK2;-25,660000;-3,440000
2024-09-01 11:00;2024-09-01 13:00;DK2;-20,290001;-2,720000
2024-09-01 10:00;2024-09-01 12:00;DK2;-25,290001;-3,390000
2024-09-01 09:00;2024-09-01 11:00;DK2;19,540001;2,620000
2024-09-01 08:00;2024-09-01 10:00;DK2;69,519997;9,320000
2024-09-01 07:00;2024-09-01 09:00;DK2;307,839996;41,270000
2024-09-01 06:00;2024-09-01 08:00;DK2;452,250000;60,630001
2024-09-01 05:00;2024-09-01 07:00;DK2;545,260010;73,099998
2024-09-01 04:00;2024-09-01 06:00;DK2;592,919983;79,489998
2024-09-01 03:00;2024-09-01 05:00;DK2;571,140015;76,570000
2024-09-01 02:00;2024-09-01 04:00;DK2;595,760010;79,870003
2024-09-01 01:00;2024-09-01 03:00;DK2;597,770020;80,139999
2024-09-01 00:00;2024-09-01 02:00;DK2;599,489990;80,370003
2024-08-31 23:00;2024-09-01 01:00;DK2;641,330017;85,980003
2024-08-31 22:00;2024-09-01 00:00;DK2;699,369995;93,760002
2024-08-31 21:00;2024-08-31 23:00;DK2;665,549988;89,230003
2024-08-31 20:00;2024-08-31 22:00;DK2;744,770020;99,849998
2024-08-31 19:00;2024-08-31 21:00;DK2;800,260010;107,290001
2024-08-31 18:00;2024-08-31 20:00;DK2;945,630005;126,779999
2024-08-31 17:00;2024-08-31 19:00;DK2;1106,069946;148,289993
2024-08-31 16:00;2024-08-31 18:00;DK2;874,919983;117,300003
2024-08-31 15:00;2024-08-31 17:00;DK2;596,859985;80,019997
2024-08-31 14:00;2024-08-31 16:00;DK2;176,850006;23,709999
2024-08-31 13:00;2024-08-31 15:00;DK2;19,020000;2,550000
2024-08-31 12:00;2024-08-31 14:00;DK2;-5,970000;-0,800000
2024-08-31 11:00;2024-08-31 13:00;DK2;-4,400000;-0,590000
2024-08-31 10:00;2024-08-31 12:00;DK2;3,510000;0,470000
2024-08-31 09:00;2024-08-31 11:00;DK2;136,800003;18,340000
2024-08-31 08:00;2024-08-31 10:00;DK2;448,500000;60,130001
2024-08-31 07:00;2024-08-31 09:00;DK2;633,400024;84,919998
2024-08-31 06:00;2024-08-31 08:00;DK2;820,250000;109,970001
2024-08-31 05:00;2024-08-31 07:00;DK2;826,070007;110,750000
2024-08-31 04:00;2024-08-31 06:00;DK2;820,250000;109,970001
2024-08-31 03:00;2024-08-31 05:00;DK2;731,489990;98,070000
2024-08-31 02:00;2024-08-31 04:00;DK2;720,900024;96,650002
2024-08-31 01:00;2024-08-31 03:00;DK2;738,719971;99,040001
2024-08-31 00:00;2024-08-31 02:00;DK2;761,250000;102,059998
2024-08-30 23:00;2024-08-31 01:00;DK2;770,799988;103,339996
2024-08-30 22:00;2024-08-31 00:00;DK2;803,090027;107,669998
2024-08-30 21:00;2024-08-30 23:00;DK2;711,260010;95,360001
2024-08-30 20:00;2024-08-30 22:00;DK2;722,219971;96,830002
2024-08-30 19:00;2024-08-30 21:00;DK2;840,669983;112,709999
2024-08-30 18:00;2024-08-30 20:00;DK2;1024,000000;137,289993
2024-08-30 17:00;2024-08-30 19:00;DK2;1164,369995;156,110001
2024-08-30 16:00;2024-08-30 18:00;DK2;894,960022;119,989998
2024-08-30 15:00;2024-08-30 17:00;DK2;760,479980;101,959999
2024-08-30 14:00;2024-08-30 16:00;DK2;644,059998;86,349998
2024-08-30 13:00;2024-08-30 15:00;DK2;611,460022;81,980003
2024-08-30 12:00;2024-08-30 14:00;DK2;589,830017;79,080002
2024-08-30 11:00;2024-08-30 13:00;DK2;598,179993;80,199997
2024-08-30 10:00;2024-08-30 12:00;DK2;400,010010;53,630001
2024-08-30 09:00;2024-08-30 11:00;DK2;913,239990;122,440002
2024-08-30 08:00;2024-08-30 10:00;DK2;732,739990;98,239998
2024-08-30 07:00;2024-08-30 09:00;DK2;848,049988;113,699997
2024-08-30 06:00;2024-08-30 08:00;DK2;1057,119995;141,729996
2024-08-30 05:00;2024-08-30 07:00;DK2;1090,160034;146,160004
2024-08-30 04:00;2024-08-30 06:00;DK2;996,099976;133,550003
2024-08-30 03:00;2024-08-30 05:00;DK2;800,840027;107,370003
2024-08-30 02:00;2024-08-30 04:00;DK2;728,109985;97,620003
2024-08-30 01:00;2024-08-30 03:00;DK2;695,739990;93,279999
2024-08-30 00:00;2024-08-30 02:00;DK2;697,609985;93,529999
2024-08-29 23:00;2024-08-30 01:00;DK2;748,099976;100,300003
2024-08-29 22:00;2024-08-30 00:00;DK2;819,559998;109,879997
2024-08-29 21:00;2024-08-29 23:00;DK2;821,280029;110,099998
2024-08-29 20:00;2024-08-29 22:00;DK2;932,429993;125,000000
2024-08-29 19:00;2024-08-29 21:00;DK2;1261,310059;169,089996
2024-08-29 18:00;2024-08-29 20:00;DK2;2157,780029;289,269989
2024-08-29 17:00;2024-08-29 19:00;DK2;1696,939941;227,490005
2024-08-29 16:00;2024-08-29 18:00;DK2;921,309998;123,510002
2024-08-29 15:00;2024-08-29 17:00;DK2;786,070007;105,379997
2024-08-29 14:00;2024-08-29 16:00;DK2;672,469971;90,150002
2024-08-29 13:00;2024-08-29 15:00;DK2;592,650024;79,449997
2024-08-29 12:00;2024-08-29 14:00;DK2;382,820007;51,320000
2024-08-29 11:00;2024-08-29 13:00;DK2;337,540009;45,250000
2024-08-29 10:00;2024-08-29 12:00;DK2;490,679993;65,779999
2024-08-29 09:00;2024-08-29 11:00;DK2;629,570007;84,400002
2024-08-29 08:00;2024-08-29 10:00;DK2;687,679993;92,190002
2024-08-29 07:00;2024-08-29 09:00;DK2;810,909973;108,709999
2024-08-29 06:00;2024-08-29 08:00;DK2;941,679993;126,239998
2024-08-29 05:00;2024-08-29 07:00;DK2;1003,070007;134,470001
2024-08-29 04:00;2024-08-29 06:00;DK2;935,859985;125,459999
2024-08-29 03:00;2024-08-29 05:00;DK2;755,119995;101,230003
2024-08-29 02:00;2024-08-29 04:00;DK2;313,670013;42,049999
2024-08-29 01:00;2024-08-29 03:00;DK2;187,600006;25,150000
2024-08-29 00:00;2024-08-29 02:00;DK2;134,270004;18,000000
2024-08-28 23:00;2024-08-29 01:00;DK2;75,120003;10,070000
2024-08-28 22:00;2024-08-29 00:00;DK2;75,120003;10,070000
